"PERIODE";"Senti";"Sais_2022_2023";"Sais_2021_2022";"Sais_2020_2021";"Sais_2019_2020";"Sais_2018_2019";"Sais_2017_2018";"Loc_Reg11";"Loc_Reg21";"Loc_Reg22";"Loc_Reg23";"Loc_Reg24";"Loc_Reg25";"Loc_Reg26";"Loc_Reg31";"Loc_Reg41";"Loc_Reg42";"Loc_Reg43";"Loc_Reg52";"Loc_Reg53";"Loc_Reg54";"Loc_Reg72";"Loc_Reg73";"Loc_Reg74";"Loc_Reg82";"Loc_Reg83";"Loc_Reg91";"Loc_Reg93";"Loc_Reg94";"MIN_Saison";"MAX_Saison";"IN_Def";"IN_Temp";"Sais_2007_2008";"Sais_2008_2009"
"01-11-2023";NA;5,97660323008801;8,37521415475661;25,5009949916627;3,36667578709946;3,36133584500276;NA;0,03;0,07;0,08;0,03;0,08;0,05;0,09;0,07;0,33;0,92;0,02;0,125;0,41;0,03;0,06;0,14;0,3;0,205;0,28;0,08;0,11;9,695;3,36133584500276;25,5009949916627;0,100785499837488;NA;NA;NA
"02-11-2023";NA;5,65822267495676;9,33417276587901;26,4935416574474;3,33647770710565;3,48539706562616;NA;0,03;0,08;0,11;0,03;0,08;0,05;0,1;0,1;0,31;0,95;0,02;0,13;0,41;0,04;0,07;0,15;0,25;0,21;0,31;0,1;0,18;11,005;3,33647770710565;26,4935416574474;0,108759503719675;NA;NA;NA
"03-11-2023";NA;5,10824873070614;10,4236438545285;27,2492828069852;3,34524438590663;3,62343705180054;NA;0,03;0,09;0,16;0,03;0,1;0,04;0,14;0,14;0,27;0,915;0,03;0,15;0,4;0,05;0,11;0,16;0,26;0,2;0,35;0,13;0,24;16,825;3,34524438590663;27,2492828069852;0,120702918250266;NA;NA;NA
"04-11-2023";NA;4,49127621962519;11,3706847194188;27,2601069639121;3,4140736742872;3,75127157423187;NA;0,03;0,09;0,22;0,03;0,11;0,035;0,18;0,18;0,245;0,805;0,05;0,17;0,41;0,06;0,14;0,22;0,32;0,205;0,4;0,17;0,28;25,28;3,4140736742872;27,2601069639121;0,133313952769128;NA;NA;NA
"05-11-2023";NA;3,99128467487126;11,9379304885182;26,3674234425375;3,54131337798871;3,84026913916677;NA;0,03;0,1;0,29;0,04;0,13;0,03;0,23;0,22;0,22;0,69;0,07;0,18;0,42;0,07;0,15;0,31;0,39;0,19;0,45;0,225;0,25;29,995;3,54131337798871;26,3674234425375;0,144382216347999;NA;NA;NA
"06-11-2023";NA;3,62403901276002;12,1249660458289;24,9337657586535;3,73017681323372;3,89816114910302;NA;0,04;0,11;0,39;0,05;0,15;0,03;0,3;0,25;0,18;0,6;0,1;0,17;0,43;0,07;0,19;0,44;0,49;0,18;0,48;0,27;0,21;28,77;3,62403901276002;24,9337657586535;0,152929939795062;NA;NA;NA
"07-11-2023";NA;3,36575970346141;12,0857799476955;23,2350345702778;3,96698622014057;3,92186292143694;NA;0,04;0,12;0,52;0,07;0,18;0,04;0,33;0,27;0,165;0,53;0,13;0,15;0,47;0,07;0,21;0,55;0,6;0,16;0,49;0,32;0,18;21,535;3,36575970346141;23,2350345702778;0,159329798979441;NA;NA;NA
"08-11-2023";NA;3,21446569908539;11,9553992476931;21,4429363194331;4,24113489606679;3,93922845451348;NA;0,04;0,13;0,71;0,075;0,21;0,04;0,34;0,27;0,15;0,455;0,16;0,13;0,54;0,07;0,23;0,72;0,71;0,14;0,48;0,325;0,15;15,715;3,21446569908539;21,4429363194331;0,164098719059554;NA;NA;NA
"09-11-2023";NA;3,18112645248284;11,6886121235662;19,8454461053666;4,57123559139304;3,97636621523961;NA;0,03;0,135;0,92;0,08;0,25;0,04;0,33;0,27;0,15;0,365;0,17;0,11;0,585;0,07;0,24;0,8;0,79;0,15;0,46;0,265;0,15;15,92;3,18112645248284;19,8454461053666;0,164602662044687;NA;NA;NA
"10-11-2023";NA;3,24824303988557;11,3814019986776;18,5213300012229;4,91818537957992;4,01078428061331;NA;0,03;0,13;0,98;0,085;0,25;0,04;0,3;0,24;0,16;0,295;0,16;0,09;0,505;0,08;0,24;0,73;0,78;0,19;0,43;0,2;0,11;28,755;3,24824303988557;18,5213300012229;0,160658878482615;NA;NA;NA
"11-11-2023";NA;3,35958541957706;11,2472250596131;17,3644106279482;5,24250114421047;4,05298280396099;NA;0,02;0,13;1,06;0,09;0,26;0,04;0,26;0,22;0,17;0,25;0,14;0,08;0,41;0,09;0,22;0,63;0,72;0,27;0,43;0,155;0,08;64,895;3,35958541957706;17,3644106279482;0,156464915018093;NA;NA;NA
"12-11-2023";NA;3,48028884186014;11,3859382729488;16,4789269513922;5,55319695760912;4,11122052586644;NA;0,03;0,125;1,06;0,105;0,25;0,05;0,21;0,21;0,18;0,205;0,11;0,09;0,34;0,1;0,2;0,55;0,75;0,39;0,45;0,1;0,06;124,315;3,48028884186014;16,4789269513922;0,153999400619595;NA;NA;NA
"13-11-2023";NA;3,58108491279033;11,7530623160395;15,9233414745728;5,90125056111831;4,2190692388662;NA;0,03;0,11;1,07;0,11;0,25;0,05;0,16;0,21;0,21;0,19;0,09;0,11;0,275;0,11;0,2;0,45;0,82;0,52;0,5;0,09;0,05;195,11;3,58108491279033;15,9233414745728;0,153829034085955;NA;NA;NA
"14-11-2023";NA;3,63918330898338;12,2832481167658;15,7706596969562;6,26811730005784;4,39455828666291;NA;0,03;0,11;1,06;0,115;0,26;0,06;0,13;0,245;0,24;0,18;0,07;0,13;0,24;0,13;0,2;0,39;0,95;0,59;0,58;0,1;0,06;241,955;3,63918330898338;15,7706596969562;0,156749711399956;NA;NA;NA
"15-11-2023";NA;3,67488693751782;12,938822275492;15,9624776657497;6,64518670464205;4,64077001594473;NA;0,04;0,125;1,09;0,135;0,27;0,07;0,11;0,33;0,26;0,17;0,06;0,16;0,215;0,14;0,2;0,34;1,09;0,6;0,64;0,145;0,08;256,49;3,67488693751782;15,9624776657497;0,163705838409959;NA;NA;NA
"16-11-2023";NA;3,71961489841411;13,557299485334;16,3075603246256;7,02608530543669;4,96170114108894;NA;0,04;0,15;1,05;0,15;0,27;0,07;0,12;0,38;0,28;0,17;0,05;0,185;0,2;0,14;0,2;0,28;1,13;0,59;0,72;0,21;0,11;217,64;3,71961489841411;16,3075603246256;0,173846163580838;NA;NA;NA
"17-11-2023";NA;3,7789214514968;13,9383200948072;16,7080786417223;7,39545393990236;5,25797332825927;NA;0,05;0,18;1,06;0,19;0,28;0,08;0,15;0,405;0,315;0,17;0,06;0,22;0,21;0,13;0,19;0,22;1,2;0,6;0,71;0,25;0,14;146,795;3,7789214514968;16,7080786417223;0,185963895478578;NA;NA;NA
"18-11-2023";NA;3,87708937026282;14,0568678314983;17,043083262574;7,7365551787675;5,45348198010098;NA;0,06;0,2;1,01;0,205;0,33;0,1;0,21;0,41;0,35;0,17;0,07;0,255;0,25;0,11;0,19;0,17;1,19;0,66;0,66;0,285;0,19;83,765;3,87708937026282;17,043083262574;0,201135533810081;NA;NA;NA
"19-11-2023";NA;4,02536095316988;13,9953624205382;17,1888109660084;8,00014047191762;5,54528017027032;NA;0,06;0,22;0,76;0,2;0,38;0,11;0,27;0,425;0,37;0,185;0,08;0,305;0,31;0,09;0,2;0,14;1,29;0,76;0,6;0,3;0,26;39,05;4,02536095316988;17,1888109660084;0,21798579034668;NA;NA;NA
"20-11-2023";NA;4,21669470160881;13,9361743768558;16,9834852601214;8,15561517013532;5,55685267507345;NA;0,07;0,23;0,71;0,19;0,45;0,125;0,3;0,43;0,39;0,21;0,1;0,36;0,38;0,08;0,23;0,16;1,39;0,87;0,52;0,31;0,38;15,245;4,21669470160881;16,9834852601214;0,233338910476422;NA;NA;NA
"21-11-2023";NA;4,44335959897368;14,084168373701;16,4080669966069;8,30582510611102;5,57914266549204;NA;0,06;0,23;0,71;0,16;0,49;0,12;0,34;0,41;0,37;0,245;0,12;0,38;0,44;0,07;0,27;0,17;1,59;0,955;0,46;0,285;0,52;9,955;4,44335959897368;16,4080669966069;0,246735535793479;NA;NA;NA
"22-11-2023";NA;4,70309074017674;14,4222584263945;15,5602142873384;8,57763014900502;5,65666178469809;NA;0,06;0,21;0,7;0,14;0,54;0,11;0,35;0,37;0,34;0,28;0,13;0,35;0,48;0,075;0,34;0,19;1,75;1,02;0,43;0,235;0,64;16,965;4,70309074017674;15,5602142873384;0,257002485749238;NA;NA;NA
"23-11-2023";NA;5,03110598195335;14,9244531865231;14,5606458801968;8,95294391191026;5,77591765796211;NA;0,06;0,19;0,65;0,12;0,56;0,095;0,32;0,31;0,3;0,335;0,145;0,32;0,52;0,08;0,4;0,19;1,85;1,03;0,42;0,23;0,71;38,34;5,03110598195335;14,9244531865231;0,263197515324772;NA;NA;NA
"24-11-2023";NA;5,43665662122184;15,5843274443032;13,5466213462758;9,29577625095802;5,96899458043312;NA;0,07;0,2;0,46;0,11;0,61;0,07;0,29;0,21;0,27;0,385;0,16;0,31;0,555;0,105;0,48;0,21;2,06;1;0,51;0,285;0,74;68,885;5,43665662122184;15,5843274443032;0,268835914962248;NA;NA;NA
"25-11-2023";NA;5,86698765429068;16,4006446303664;12,7111801191122;9,55499155139693;6,24401348794319;NA;0,08;0,21;0,33;0,11;0,63;0,065;0,26;0,145;0,285;0,39;0,18;0,31;0,585;0,14;0,55;0,27;2,29;0,89;0,66;0,435;0,7;86,3;5,86698765429068;16,4006446303664;0,276421721198113;NA;NA;NA
"26-11-2023";NA;6,29203542329351;17,3590024644634;12,041393722809;9,75595001665027;6,57132394514539;NA;0,09;0,22;0,27;0,11;0,65;0,06;0,25;0,1;0,27;0,4;0,19;0,31;0,61;0,19;0,59;0,32;2,51;0,795;0,79;0,68;0,71;81,68;6,29203542329351;17,3590024644634;0,286623916062562;NA;NA;NA
"27-11-2023";NA;6,73952052993207;18,3092030510146;11,5343420841483;10,0292997540144;6,93738582950192;NA;0,11;0,21;0,24;0,12;0,66;0,055;0,23;0,1;0,25;0,4;0,19;0,37;0,64;0,23;0,61;0,42;2,61;0,695;0,9;0,95;0,71;60,795;6,73952052993207;18,3092030510146;0,300210184765434;NA;NA;NA
"28-11-2023";NA;7,19453628841997;19,0449442378773;11,2397174753052;10,4225516142466;7,28773908513176;NA;0,13;0,23;0,23;0,13;0,7;0,065;0,23;0,11;0,27;0,39;0,195;0,48;0,67;0,24;0,6;0,5;2,72;0,6;1;1,07;0,65;39,56;7,19453628841997;19,0449442378773;0,322792513413973;NA;NA;NA
"29-11-2023";NA;7,76794739421324;19,4217246297867;11,0507542151973;10,8130259867271;7,55747938217318;NA;0,16;0,28;0,28;0,15;0,82;0,095;0,26;0,14;0,32;0,47;0,21;0,58;0,8;0,26;0,58;0,57;2,96;0,56;1,14;1,125;0,66;24,7;7,55747938217318;19,4217246297867;0,358196409291381;NA;NA;NA
"30-11-2023";NA;8,66233586888882;19,4019979483711;11,0053168005889;11,1471623269414;7,76693680391181;NA;0,19;0,31;0,39;0,18;1,04;0,14;0,31;0,21;0,4;0,665;0,25;0,665;0,945;0,27;0,58;0,6;3,38;0,55;1,33;1,135;0,7;15,315;7,76693680391181;19,4019979483711;0,405614098220969;NA;NA;NA
"01-12-2023";NA;10,087462541564;19,1834890563301;11,0550870809187;11,4737354253098;8,00865182648112;NA;0,23;0,325;0,67;0,23;1,3;0,205;0,37;0,34;0,5;0,895;0,3;0,7;1,115;0,29;0,59;0,6;4,1;0,56;1,67;1;0,84;8,79;8,00865182648112;19,1834890563301;0,462795932632898;NA;NA;NA
"02-12-2023";NA;12,3207374326528;19,0894350920009;11,0664669743792;11,8128505249289;8,35789092426094;NA;0,26;0,325;1,13;0,295;1,61;0,25;0,42;0,49;0,655;1,085;0,28;0,71;1,135;0,29;0,61;0,57;5,41;0,57;1,9;0,755;1;4,225;8,35789092426094;19,0894350920009;0,519037538200928;NA;NA;NA
"03-12-2023";NA;15,6621695696665;19,3066623331991;11,0083721788157;12,1250222513159;8,78628774883217;NA;0,28;0,355;1,74;0,35;1,88;0,27;0,47;0,62;0,875;1,32;0,28;0,72;1,05;0,28;0,67;0,54;7,17;0,585;2,23;0,62;1,24;2,05;8,78628774883217;19,3066623331991;0,566536411142621;NA;NA;NA
"04-12-2023";NA;20,3873631227075;19,7254831249104;10,9259362728101;12,3505086614602;9,25868339478908;NA;0,27;0,355;2,54;0,42;1,93;0,25;0,48;0,69;1,13;1,525;0,27;0,69;0,93;0,3;0,75;0,55;9,18;0,61;2,3;0,525;1,31;1,485;9,25868339478908;20,3873631227075;0,600777537948689;NA;NA;NA
"05-12-2023";NA;26,3176108091996;20,2875882708106;10,9239929137481;12,3910134716732;9,74451213083987;NA;0,25;0,38;3,27;0,47;1,87;0,2;0,49;0,67;1,3;1,75;0,24;0,655;0,865;0,325;0,81;0,53;10,9;0,615;2,35;0,4;1,24;1,3;9,74451213083987;26,3176108091996;0,621747687322774;NA;NA;NA
"06-12-2023";NA;33,2946733352264;20,9872847678;11,0385079703862;12,1211683598049;10,1937330903028;NA;0,24;0,415;3,4;0,47;1,87;0,155;0,51;0,62;1,47;1,815;0,245;0,68;0,82;0,33;0,86;0,54;12,33;0,63;2,32;0,295;1,27;0,755;10,1937330903028;33,2946733352264;0,638473520937454;NA;NA;NA
"07-12-2023";NA;41,6352814518778;21,7224192001198;11,2398522903097;11,4572503835958;10,5296550290367;NA;0,25;0,435;3,1;0,455;1,91;0,12;0,53;0,49;1,605;1,675;0,29;0,755;0,785;0,33;0,77;0,57;13,25;0,69;2,27;0,265;1,43;0,28;10,5296550290367;41,6352814518778;0,653659317286791;NA;NA;NA
"08-12-2023";NA;51,3387913995723;21,4711178613701;11,4512282311676;10,5672379059673;10,6477540878105;NA;0,26;0,46;2,74;0,45;1,98;0,105;0,54;0,36;1,755;1,415;0,325;0,8;0,805;0,31;0,62;0,62;12,85;0,755;2,58;0,29;1,5;0,055;10,5672379059673;51,3387913995723;0,65841522396908;NA;NA;NA
"09-12-2023";NA;62,4849124368282;19,8652298278089;11,5981393555506;9,74011120670367;10,5732730764497;NA;0,27;0,46;2,15;0,43;1,9;0,08;0,51;0,26;1,75;1,115;0,335;0,885;0,98;0,27;0,44;0,71;11,75;0,805;2,59;0,385;1,66;0;9,74011120670367;62,4849124368282;0,645805484444613;NA;NA;NA
"10-12-2023";NA;75,3966666125236;17,7095084584655;11,7245828422766;9,16732875194577;10,4149480769851;NA;0,27;0,43;1,43;0,41;1,68;0,075;0,45;0,17;1,65;0,91;0,355;0,935;1,085;0,23;0,35;0,87;9,58;0,855;2,79;0,515;1,89;0;9,16732875194577;75,3966666125236;0,619711307146121;NA;NA;NA
"11-12-2023";NA;90,305360145595;15,5012461800733;11,902808308973;8,8841671380192;10,2492124420345;NA;0,27;0,375;0,99;0,38;1,5;0,075;0,39;0,115;1,525;0,785;0,36;0,875;1,145;0,2;0,28;1,04;7,78;0,9;3,01;0,67;2,02;0;8,8841671380192;90,305360145595;0,589942050241552;NA;NA;NA
"12-12-2023";NA;105,817534157784;13,5377945252534;12,0856664195417;8,89564871697001;10,2073728475121;NA;0,25;0,35;0,72;0,33;1,39;0,085;0,33;0,08;1,43;0,815;0,37;0,755;1,125;0,19;0,25;1,09;6,12;0,895;3,12;0,795;2,01;0;8,89564871697001;105,817534157784;0,559823729061578;NA;NA;NA
"13-12-2023";NA;119,951256252542;12,0210080805616;12,1441938233016;9,23842315497944;10,3544010246525;NA;0,23;0,285;0,54;0,31;1,33;0,1;0,29;0,07;1,35;0,885;0,365;0,65;1,01;0,2;0,24;1,17;4,72;0,805;2,94;0,88;1,97;0;9,23842315497944;119,951256252542;0,529783018295495;NA;NA;NA
"14-12-2023";NA;133,806025827018;11,0005901411758;12,034446414816;9,82501322812197;10,5771047652038;NA;0,22;0,27;0,44;0,3;1,22;0,12;0,24;0,06;1,295;1,01;0,355;0,565;0,845;0,21;0,26;1,26;3,66;0,67;2,51;0,88;1,77;0;9,82501322812197;133,806025827018;0,496164957668371;NA;NA;NA
"15-12-2023";NA;148,72101446862;10,5040091162227;11,7704702505579;10,5046516560964;10,7031490424554;NA;0,2;0,23;0,36;0,275;1,08;0,14;0,18;0,07;1,245;1,13;0,335;0,495;0,69;0,23;0,32;1,26;2,74;0,545;1,93;0,845;1,47;0;10,5040091162227;148,72101446862;0,45134459388981;NA;NA;NA
"16-12-2023";NA;163,687322261053;10,4508190613659;11,3298443425665;11,1746284725705;10,6554299018482;NA;0,16;0,21;0,34;0,235;0,95;0,165;0,15;0,08;1,165;1,18;0,295;0,455;0,57;0,245;0,36;0,97;2,06;0,43;1,39;0,74;1,2;0;10,4508190613659;163,687322261053;0,398767716067355;NA;NA;NA
"17-12-2023";NA;177,424048825637;10,6849480616194;10,6761128992194;11,6759970237927;10,4731365300529;NA;0,13;0,195;0,29;0,17;0,82;0,18;0,12;0,09;1,11;1,215;0,24;0,405;0,44;0,26;0,41;0,76;1,59;0,34;1,01;0,62;0,94;0;10,4731365300529;177,424048825637;0,3495355489043;NA;NA;NA
"18-12-2023";NA;189,773221897155;11,0758146118152;9,85017378505525;11,8377316240119;10,1858904380648;NA;0,1;0,19;0,24;0,13;0,73;0,195;0,12;0,11;1,04;1,355;0,22;0,395;0,365;0,28;0,47;0,65;1,37;0,27;0,72;0,56;0,72;0;9,85017378505525;189,773221897155;0,314472669645932;NA;NA;NA
"19-12-2023";NA;200,280063974484;11,5251333886209;8,9766778320757;11,6360909862101;9,83356620474672;NA;0,08;0,18;0,21;0,11;0,67;0,21;0,13;0,14;1,025;1,47;0,225;0,375;0,33;0,28;0,54;0,58;1,25;0,245;0,56;0,57;0,59;0;8,9766778320757;200,280063974484;0,294276630290246;NA;NA;NA
"20-12-2023";NA;208,184464544507;11,9232032239045;8,1031442844844;11,1096316034269;9,50581940510144;NA;0,07;0,155;0,2;0,1;0,62;0,22;0,14;0,155;0,96;1,58;0,225;0,36;0,31;0,28;0,61;0,53;1,26;0,23;0,45;0,525;0,53;0;8,1031442844844;208,184464544507;0,28050953317066;NA;NA;NA
"21-12-2023";NA;212,170279012612;12,1559135050908;7,29506181479141;10,386349901463;9,23334512319572;NA;0,07;0,13;0,19;0,09;0,57;0,22;0,14;0,17;0,88;1,605;0,2;0,38;0,315;0,26;0,68;0,52;1,45;0,22;0,41;0,585;0,5;0;7,29506181479141;212,170279012612;0,268977295413909;NA;NA;NA
"22-12-2023";NA;209,839310581818;12,6735281472822;6,62402592400973;9,65766251527756;9,0972817806408;NA;0,06;0,1;0,18;0,08;0,53;0,21;0,12;0,19;0,73;1,515;0,16;0,47;0,34;0,24;0,7;0,49;1,78;0,22;0,43;0,675;0,5;0;6,62402592400973;209,839310581818;0,260115073723574;NA;NA;NA
"23-12-2023";NA;199,542758672546;14,1532071515559;6,14293321607404;9,14335386860522;9,14653037478561;NA;0,05;0,08;0,19;0,07;0,53;0,215;0,11;0,22;0,515;1,285;0,115;0,56;0,35;0,21;0,68;0,45;2,05;0,24;0,47;0,67;0,57;0;6,14293321607404;199,542758672546;0,252315964661152;NA;NA;NA
"24-12-2023";NA;181,515682437728;16,4374397801814;5,8718826680647;9,00707735559462;9,39033260802962;NA;0,04;0,06;0,21;0,06;0,55;0,215;0,1;0,26;0,325;0,945;0,08;0,635;0,3;0,21;0,6;0,4;2,36;0,24;0,49;0,58;0,72;0;5,8718826680647;181,515682437728;0,24399848062574;NA;NA;NA
"25-12-2023";NA;158,834361450724;19,1400319076578;5,80176316747436;9,24845543243729;9,84144525587317;NA;0,04;0,05;0,23;0,06;0,52;0,205;0,09;0,31;0,19;0,67;0,06;0,68;0,25;0,22;0,54;0,36;2,64;0,24;0,49;0,465;0,94;0;5,80176316747436;158,834361450724;0,23857395124674;NA;NA;NA
"26-12-2023";NA;136,546143499987;22,1293221886307;5,87301046255316;9,71142849535508;10,3938641827987;NA;0,04;0,05;0,26;0,06;0,58;0,19;0,07;0,35;0,105;0,53;0,05;0,71;0,2;0,23;0,5;0,32;2,57;0,25;0,5;0,355;1,18;0;5,87301046255316;136,546143499987;0,237842497363556;NA;NA;NA
"27-12-2023";NA;119,16976063427;25,2095006075982;6,06524095616391;10,2927709811049;10,9370894975233;NA;0,04;0,05;0,33;0,06;0,63;0,16;0,07;0,385;0,065;0,5;0,04;0,72;0,15;0,25;0,47;0,29;2,41;0,26;0,45;0,27;1,31;0;6,06524095616391;119,16976063427;0,239802297061429;NA;NA;NA
"28-12-2023";NA;107,825800076544;28,3871879416489;6,42766847380415;11,0546176531089;11,3827288093929;NA;0,03;0,05;0,45;0,07;0,71;0,19;0,06;0,41;0,04;0,49;0,04;0,7;0,13;0,28;0,45;0,33;2,05;0,29;0,39;0,325;1,37;0;6,42766847380415;107,825800076544;0,246032317921808;NA;NA;NA
"29-12-2023";NA;100,840879521638;31,8037245179736;7,04323436418444;11,9759643770454;11,7828071815608;NA;0,04;0,04;0,59;0,08;0,7;0,23;0,05;0,36;0,03;0,425;0,04;0,665;0,14;0,32;0,56;0,42;1,94;0,355;0,34;0,555;1,4;0;7,04323436418444;100,840879521638;0,260412440001867;NA;NA;NA
"30-12-2023";NA;96,0217296956388;35,1673581377947;8,02936236142084;12,9256442577584;12,2261251954436;NA;0,04;0,03;0,66;0,09;0,74;0,28;0,05;0,285;0,03;0,375;0,05;0,63;0,19;0,335;0,75;0,61;2,15;0,43;0,36;0,77;1,43;0;8,02936236142084;96,0217296956388;0,2821058699251;NA;NA;NA
"31-12-2023";NA;91,2896308192169;38,2812970480803;9,45891716483098;14,0939369755534;12,7208123366648;NA;0,05;0,02;0,68;0,1;0,77;0,35;0,05;0,21;0,05;0,345;0,05;0,63;0,26;0,36;1,01;0,95;2,65;0,515;0,42;0,925;1,28;0;9,45891716483098;91,2896308192169;0,308404821831055;NA;NA;NA
"01-01-2024";NA;85,9612885825379;40,9458477876625;11,3546222408396;15,9585399660905;13,4893515069126;NA;0,06;0,02;0,63;0,11;0,8;0,43;0,05;0,155;0,1;0,34;0,06;0,61;0,355;0,39;1,32;1,36;3,68;0,665;0,55;0,97;1,12;0;11,3546222408396;85,9612885825379;0,338454991648798;NA;NA;NA
"02-01-2024";NA;81,3178498766361;42,7450388535811;13,6878677426245;18,6472747239427;14,8418324593394;NA;0,07;0,02;0,58;0,13;0,97;0,48;0,06;0,12;0,185;0,37;0,065;0,605;0,46;0,43;1,6;1,77;5,15;0,82;0,75;0,885;0,99;0;13,6878677426245;81,3178498766361;0,372610614371096;NA;NA;NA
"03-01-2024";NA;77,0772981805877;43,310263072322;16,2317014505162;21,7937622247072;16,7347624038379;NA;0,08;0,035;0,61;0,17;1,14;0,47;0,07;0,12;0,3;0,44;0,08;0,565;0,44;0,48;1,79;1,98;6,85;0,93;0,98;0,75;1,08;0;16,2317014505162;77,0772981805877;0,40782750105157;NA;NA;NA
"04-01-2024";NA;71,7811252063065;42,4660453692778;18,5123730421409;24,8174137297743;18,8712407362323;NA;0,09;0,05;0,64;0,23;1,2;0,43;0,1;0,14;0,44;0,5;0,105;0,5;0,425;0,525;1,85;1,95;7,6;1,015;1,07;0,615;1,34;0;18,5123730421409;71,7811252063065;0,434542326893223;NA;NA;NA
"05-01-2024";NA;64,919043656664;40,2690671920142;19,8542689400937;27,1392197799255;20,9808686218774;NA;0,1;0,08;0,63;0,305;1,17;0,335;0,14;0,18;0,53;0,56;0,15;0,46;0,49;0,5;1,85;1,74;7,17;1;1,15;0,44;1,58;0;19,8542689400937;64,919043656664;0,444884097434742;NA;NA;NA
"06-01-2024";NA;56,5066700537134;37,2433898291601;20,10145420789;28,4554624084606;23,0437142111729;NA;0,1;0,1;0,62;0,39;1,01;0,24;0,16;0,21;0,56;0,655;0,17;0,37;0,695;0,43;1,84;1,42;6,1;0,9;1,08;0,315;1,74;0;20,10145420789;56,5066700537134;0,435914950616146;NA;NA;NA
"07-01-2024";NA;47,2132167510902;33,8503390308828;19,6174759921115;28,8386173803411;25,0960282491333;NA;0,08;0,135;0,59;0,42;0,9;0,17;0,2;0,255;0,63;0,77;0,2;0,33;0,9;0,37;1,71;1,1;4,88;0,78;0,99;0,2;1,76;0;19,6174759921115;47,2132167510902;0,41219754700328;NA;NA;NA
"08-01-2024";NA;38,2549491735763;30,6087323324521;18,9572830101073;28,6782119953629;27,4151354286197;NA;0,07;0,17;0,61;0,43;0,67;0,12;0,24;0,285;0,68;0,87;0,23;0,31;1,095;0,295;1,55;0,83;3,56;0,65;0,86;0,135;1,61;0;18,9572830101073;38,2549491735763;0,384368413144031;NA;NA;NA
"09-01-2024";NA;31,1857906896244;27,7040573801892;18,3168854034714;27,9302213749905;30,3540395821289;NA;0,06;0,19;0,66;0,44;0,54;0,1;0,26;0,31;0,735;0,95;0,265;0,285;1,36;0,23;1,3;0,63;2,38;0,59;0,76;0,12;1,32;0;18,3168854034714;31,1857906896244;0,36278615347315;NA;NA;NA
"10-01-2024";NA;26,3584939304217;25,3068125779372;17,7420399508196;26,5625687233283;33,7126431776279;NA;0,06;0,205;0,73;0,455;0,5;0,11;0,27;0,32;0,78;1,065;0,29;0,29;1,59;0,19;1,06;0,51;1,59;0,55;0,68;0,13;1;0;17,7420399508196;33,7126431776279;0,354877694721547;NA;NA;NA
"11-01-2024";NA;23,0792257634371;23,5836827968049;17,3828799203094;24,9945412843908;37,3103373796636;NA;0,05;0,19;0,79;0,445;0,47;0,11;0,27;0,31;0,74;1,31;0,295;0,33;1,795;0,17;0,83;0,44;1,11;0,58;0,65;0,13;0,77;0;17,3828799203094;37,3103373796636;0,362979996134617;NA;NA;NA
"12-01-2024";NA;20,7836849572379;22,525370089591;17,2770483688047;23,534496284859;41,055411873936;NA;0,06;0,18;0,8;0,375;0,46;0,13;0,29;0,28;0,73;1,635;0,31;0,4;1,88;0,16;0,85;0,44;1,11;0,62;0,68;0,17;0,55;0;17,2770483688047;41,055411873936;0,384951003037539;NA;NA;NA
"13-01-2024";NA;19,1267670604802;22,0079485576293;17,390178860611;22,5178378015999;44,9894023340236;NA;0,07;0,17;0,87;0,285;0,48;0,16;0,31;0,255;0,755;1,955;0,32;0,48;1,75;0,19;0,71;0,5;1,31;0,64;0,77;0,22;0,38;0;17,390178860611;44,9894023340236;0,412844379852294;NA;NA;NA
"14-01-2024";NA;17,7531925656042;21,7407488813128;17,7733858159455;22,0492048889478;49,0318071984984;NA;0,1;0,18;0,95;0,22;0,58;0,21;0,33;0,245;0,835;2,21;0,32;0,57;1,515;0,22;0,62;0,55;1,59;0,65;0,82;0,27;0,27;0;17,7531925656042;49,0318071984984;0,441391624356734;NA;NA;NA
"15-01-2024";NA;16,5076300301587;21,6256179149076;18,6351064347043;22,1019771898619;53,2756967925586;NA;0,13;0,19;0,97;0,2;0,76;0,29;0,35;0,25;0,875;2,455;0,315;0,66;1,105;0,27;0,59;0,57;1,9;0,66;0,92;0,28;0,22;0;16,5076300301587;53,2756967925586;0,470233647004945;NA;NA;NA
"16-01-2024";NA;15,5764474243252;21,6074790045172;20,0065814404439;22,7277697551406;58,431013327039;NA;0,18;0,23;1,07;0,2;0,99;0,4;0,37;0,295;0,975;2,565;0,31;0,765;0,97;0,315;0,59;0,64;2,18;0,68;0,97;0,295;0,21;0;15,5764474243252;58,431013327039;0,501933702944909;NA;NA;NA
"17-01-2024";NA;14,9652456926609;21,6961620506336;21,6724955853473;23,8555105375468;64,6971947158526;NA;0,22;0,28;1,21;0,215;1,17;0,555;0,39;0,39;1,05;2,375;0,29;0,915;0,96;0,345;0,6;0,78;2,54;0,66;1,05;0,32;0,21;0,01;14,9652456926609;64,6971947158526;0,537323244748422;NA;NA;NA
"18-01-2024";NA;14,6186276728955;21,9132551300925;23,2993042277811;25,3973334270197;72,0280614083981;NA;0,27;0,295;1,3;0,24;1,36;0,715;0,39;0,475;1,03;1,995;0,26;0,99;1;0,34;0,7;0,93;3,29;0,61;1,22;0,385;0,22;0,14;14,6186276728955;72,0280614083981;0,571570215207709;NA;NA;NA
"19-01-2024";NA;14,4368192325516;22,3041311152117;24,5615175495226;27,4068842961381;80,8953862729762;NA;0,3;0,28;1,59;0,26;1,6;0,785;0,37;0,51;0,935;1,485;0,23;1,045;1,025;0,33;0,81;1,02;4,3;0,58;1,37;0,51;0,26;0,665;14,4368192325516;80,8953862729762;0,59585826342697;NA;NA;NA
"20-01-2024";NA;14,2020762860078;22,8855021439481;25,233089177772;29,8939051442699;91,513110356274;NA;0,31;0,295;1,74;0,23;1,95;0,74;0,32;0,47;0,925;1,045;0,21;1,07;1,105;0,32;1;1,06;5,29;0,56;1,57;0,715;0,29;1,855;14,2020762860078;91,513110356274;0,605516609927238;NA;NA;NA
"21-01-2024";NA;13,7623193277141;23,5306678360108;25,2828400847487;33,198220408561;103,077799685553;NA;0,31;0,26;1,62;0,21;2,27;0,705;0,29;0,47;0,82;0,785;0,21;1,09;1,21;0,37;1,03;1,07;6,31;0,54;1,79;0,95;0,34;3,76;13,7623193277141;103,077799685553;0,609671163309403;NA;NA;NA
"22-01-2024";NA;13,183189680618;24,1595561213426;24,6873806438143;37,9405223402279;117,580739211621;NA;0,29;0,23;1,37;0,19;2,43;0,625;0,27;0,455;0,855;0,695;0,22;1,1;1,365;0,46;0,95;1,1;7,63;0,53;1,95;1,095;0,4;5,905;13,183189680618;117,580739211621;0,618533593044127;NA;NA;NA
"23-01-2024";NA;12,6451693578085;24,6794712507112;23,5508090234785;44,2854915864197;138,482451930932;NA;0,28;0,2;1,15;0,185;2,72;0,5;0,26;0,49;0,865;0,715;0,28;1,125;1,5;0,58;0,92;1,17;8,6;0,5;2,02;1,16;0,45;8,565;12,6451693578085;138,482451930932;0,634154311269409;NA;NA;NA
"24-01-2024";NA;12,2290114629122;25,0920465506797;22,2558479926022;52,3922276634785;165,349928759416;NA;0,25;0,165;0,89;0,18;3,19;0,42;0,29;0,46;0,895;0,905;0,355;1,2;1,57;0,715;0,93;1,32;9,09;0,48;2,22;1,335;0,48;14,6;12,2290114629122;165,349928759416;0,65259884338813;NA;NA;NA
"25-01-2024";NA;11,941649556572;25,4360879622261;20,9612663219524;62,1046667016592;196,514383676116;NA;0,23;0,12;0,82;0,185;3,3;0,335;0,36;0,53;1,06;1,24;0,485;1,225;1,525;0,775;0,93;1,55;9,11;0,46;2,66;1,46;0,44;58,075;11,941649556572;196,514383676116;0,661715042727656;NA;NA;NA
"26-01-2024";NA;11,7551078175339;25,6092207018735;19,8409827067787;72,3697581242991;230,511298323512;NA;0,22;0,095;0,81;0,165;2,86;0,29;0,43;0,71;1,275;1,69;0,65;1,23;1,52;0,865;0,91;1,76;8,13;0,43;2,61;1,5;0,38;117,395;11,7551078175339;230,511298323512;0,654940524895499;NA;NA;NA
"27-01-2024";NA;11,5870442261703;25,4656531059257;19,0663521974483;81,5863496720015;265,362907873839;NA;0,21;0,07;0,75;0,14;2,47;0,25;0,5;0,835;1,745;2,255;0,885;1,2;1,54;0,935;0,9;1,94;6,86;0,43;2,51;1,285;0,29;145,02;11,5870442261703;265,362907873839;0,638138710375371;NA;NA;NA
"28-01-2024";NA;11,3445424510494;25,1444504224541;18,8454740385041;89,1017285636793;296,877228926647;NA;0,2;0,055;0,64;0,12;2,21;0,235;0,59;0,795;1,995;2,545;1,125;1,165;1,545;0,975;0,94;2,2;5,72;0,44;2,32;1,14;0,22;91,17;11,3445424510494;296,877228926647;0,620813884081819;NA;NA;NA
"29-01-2024";NA;11,0444927423095;24,7402750129471;19,2238866088337;95,3283674355145;325,223141407836;NA;0,2;0,045;0,61;0,11;1,98;0,235;0,73;0,7;2,01;2,935;1,36;1,09;1,625;1,01;1,04;2,38;5,06;0,44;1,99;1,04;0,17;94,56;11,0444927423095;325,223141407836;0,611052995923913;NA;NA;NA
"30-01-2024";NA;10,7792369664713;24,1728176659922;19,9665392681278;99,5010873874277;353,641339742969;NA;0,21;0,045;0,53;0,1;1,74;0,25;0,81;0,605;1,795;2,975;1,54;1,025;1,67;1,025;1,18;2,52;4,73;0,455;1,79;0,885;0,14;92;10,7792369664713;353,641339742969;0,606750603821188;NA;NA;NA
"31-01-2024";NA;10,6619058905962;23,5258454325338;20,6924452000737;101,258041301388;378,949836264238;NA;0,2;0,05;0,51;0,1;1,7;0,27;0,88;0,565;1,58;2,735;1,61;0,99;1,64;0,985;1,27;2,48;4,54;0,465;1,56;0,81;0,11;63,91;10,6619058905962;378,949836264238;0,597467576947034;NA;NA;NA
"01-02-2024";NA;10,6949793116382;22,9373446920849;21,1916181406756;101,133122677903;398,649613506414;NA;0,19;0,055;0,49;0,1;1,63;0,27;0,89;0,51;1,435;2,265;1,705;0,97;1,46;0,94;1,39;2,19;4,34;0,485;1,42;0,655;0,1;30,4;10,6949793116382;398,649613506414;0,578712423832863;NA;NA;NA
"02-02-2024";NA;10,749133728778;22,5028132605754;21,3013271409275;99,7292382257829;413,402117423638;NA;0,18;0,07;0,52;0,1;1,55;0,28;0,78;0,395;1,345;1,64;1,84;0,96;1,185;0,885;1,55;1,91;4,01;0,49;1,38;0,525;0,1;9,025;10,749133728778;413,402117423638;0,548377530436282;NA;NA;NA
"03-02-2024";NA;10,8015732982525;22,04192798195;21,0517471107985;98,0688488393075;425,131343747583;NA;0,17;0,08;0,57;0,105;1,47;0,31;0,73;0,31;1,19;1,295;1,96;0,96;0,975;0,825;1,56;1,55;3,85;0,47;1,4;0,36;0,09;1,34;10,8015732982525;425,131343747583;0,512077148415867;NA;NA;NA
"04-02-2024";NA;10,8346388042015;21,3827114938333;20,6298163196741;97,2109644942614;437,215079039043;NA;0,16;0,1;0,67;0,13;1,37;0,33;0,7;0,27;0,995;0,925;1,915;0,93;0,815;0,76;1,54;1,29;4,02;0,455;1,44;0,26;0,08;0,055;10,8346388042015;437,215079039043;0,475504944231503;NA;NA;NA
"05-02-2024";NA;10,7970328280988;20,4528010179062;20,2296187297369;97,2567410770741;451,490096726;NA;0,15;0,1;0,73;0,16;1,14;0,29;0,7;0,23;0,755;0,59;1,895;0,89;0,74;0,685;1,47;1,04;4,54;0,44;1,49;0,195;0,09;0;10,7970328280988;451,490096726;0,442232083200679;NA;NA;NA
"06-02-2024";NA;10,7307925791961;19,2761627725118;20,0192089637808;97,9188335827147;464,276268210502;NA;0,14;0,12;0,72;0,225;0,97;0,255;0,73;0,22;0,615;0,415;1,74;0,84;0,735;0,64;1,41;0,91;5,43;0,42;1,73;0,18;0,08;0;10,7307925791961;464,276268210502;0,417670186014326;NA;NA;NA
"07-02-2024";NA;10,7206845873849;18,1420366012704;19,947683064113;98,4998011418156;469,204739384031;NA;0,14;0,16;0,69;0,28;0,78;0,235;0,74;0,25;0,54;0,285;1,51;0,745;0,75;0,52;1,36;0,87;6,4;0,41;2,09;0,18;0,07;0;10,7206845873849;469,204739384031;0,399726469678286;NA;NA;NA
"08-02-2024";NA;10,7798325824647;17,2670029919012;20,0415267749723;97,2800770653207;461,025480804293;NA;0,12;0,215;0,73;0,365;0,79;0,19;0,74;0,3;0,52;0,205;1,18;0,63;0,785;0,43;1,31;0,78;7,48;0,41;2,51;0,19;0,06;0,025;10,7798325824647;461,025480804293;0,386676690451175;NA;NA;NA
"09-02-2024";NA;10,8772811810829;16,7601909710908;20,3231261991718;94,4316120768041;436,394483700684;NA;0,11;0,29;0,85;0,41;0,82;0,155;0,69;0,34;0,625;0,14;0,91;0,52;0,85;0,335;1,29;0,7;8,25;0,41;2,83;0,23;0,04;0,28;10,8772811810829;436,394483700684;0,372905978098925;NA;NA;NA
"10-02-2024";NA;10,8114256323173;16,6988385642477;20,8354133497101;91,7367015620018;399,831977623758;NA;0,11;0,38;1,02;0,43;0,88;0,125;0,65;0,37;0,65;0,12;0,645;0,42;0,86;0,265;1,27;0,61;8,49;0,42;2,77;0,26;0,03;1,225;10,8114256323173;399,831977623758;0,350877366743688;NA;NA;NA
"11-02-2024";NA;10,4938025538989;16,8938560718715;21,5338875394513;89,9398202000206;362,718832973974;NA;0,11;0,45;1,23;0,385;0,93;0,1;0,58;0,375;0,73;0,11;0,42;0,33;0,775;0,245;1,18;0,51;7,98;0,41;2,6;0,27;0,02;3;10,4938025538989;362,718832973974;0,321408654593954;NA;NA;NA
"12-02-2024";NA;10,04258330303;17,0026441796646;22,0213423145307;88,3044883278213;329,689139977359;NA;0,1;0,5;1,26;0,3;0,95;0,08;0,51;0,34;0,83;0,11;0,28;0,275;0,705;0,18;1,13;0,45;7,01;0,395;2,02;0,26;0,02;4,955;10,04258330303;329,689139977359;0,290174150291971;NA;NA;NA
"13-02-2024";NA;9,60318995050657;16,960125908876;22,0248042324672;86,2705943370402;298,36672870686;NA;0,1;0,52;1,22;0,21;0,98;0,08;0,41;0,315;0,905;0,115;0,2;0,22;0,615;0,15;0,99;0,38;5,54;0,36;1,59;0,2;0,02;5,85;9,60318995050657;298,36672870686;0,260056151969471;NA;NA;NA
"14-02-2024";NA;9,28770649678486;16,8790803306974;21,4974141886124;83,6331620433722;266,701667713954;NA;0,1;0,525;1,17;0,18;0,95;0,08;0,35;0,285;0,965;0,13;0,16;0,205;0,545;0,13;0,88;0,33;4,37;0,33;1,19;0,155;0,02;4,965;9,28770649678486;266,701667713954;0,23228859716858;NA;NA;NA
"15-02-2024";NA;9,07853653484218;16,9545834733247;20,5520798291849;80,0060558167141;233,606062631056;NA;0,09;0,53;1,24;0,15;0,79;0,09;0,31;0,19;0,96;0,12;0,135;0,2;0,46;0,13;0,77;0,28;3,19;0,26;0,84;0,125;0,03;2,965;9,07853653484218;233,606062631056;0,206546241645007;NA;NA;NA
"16-02-2024";NA;8,93317022161105;17,2598678456112;19,411382864475;75,6808216796522;198,851652559898;NA;0,09;0,48;1,12;0,14;0,64;0,1;0,27;0,1;0,875;0,095;0,11;0,18;0,355;0,14;0,67;0,23;2,45;0,21;0,63;0,12;0,06;1,165;8,93317022161105;198,851652559898;0,18147513406995;NA;NA;NA
"17-02-2024";NA;8,85159612547558;17,6478823846583;18,2734199459475;71,9935671539833;165,294295999945;NA;0,08;0,415;0,89;0,135;0,49;0,11;0,2;0,04;0,635;0,07;0,08;0,165;0,3;0,16;0,56;0,21;2,06;0,15;0,48;0,13;0,07;0,26;8,85159612547558;165,294295999945;0,155605206503104;NA;NA;NA
"18-02-2024";NA;8,73561793624802;18,0295920552016;17,2718682164155;69,5730926685295;139,148347030196;NA;0,08;0,32;0,61;0,12;0,4;0,105;0,17;0,02;0,39;0,04;0,065;0,15;0,28;0,18;0,44;0,18;1,78;0,1;0,38;0,145;0,05;0,02;8,73561793624802;139,148347030196;0,129254880853363;NA;NA;NA
"19-02-2024";NA;8,59821613217495;18,2929068417503;16,5332883489469;67,9498540453218;120,7021551263;NA;0,07;0,245;0,46;0,11;0,3;0,1;0,16;0,01;0,21;0,03;0,05;0,14;0,265;0,2;0,34;0,16;1,55;0,07;0,28;0,13;0,03;0;8,59821613217495;120,7021551263;0,10764821157145;NA;NA;NA
"20-02-2024";NA;8,57443137304245;18,36060614798;16,0582638652575;66,2065901703125;105,089899045191;NA;0,05;0,15;0,37;0,095;0,27;0,07;0,17;0,01;0,115;0,02;0,04;0,13;0,295;0,21;0,27;0,13;1,38;0,045;0,24;0,115;0,02;0;8,57443137304245;105,089899045191;0,0913149518624445;NA;NA;NA
"21-02-2024";NA;8,63548868224504;18,2858593521508;15,7441900525671;63,5146887306751;90,1120793933657;NA;0,04;0,1;0,31;0,09;0,27;0,05;0,18;0,01;0,07;0,02;0,04;0,12;0,325;0,21;0,21;0,11;1,28;0,03;0,21;0,08;0,01;0;8,63548868224504;90,1120793933657;0,0783018839902357;NA;NA;NA
"22-02-2024";NA;8,601410111895;18,0829246522719;15,601034271577;60,0493065760621;75,2656649101866;NA;0,04;0,08;0,26;0,08;0,26;0,03;0,18;0,01;0,05;0,02;0,03;0,11;0,34;0,18;0,16;0,08;1,2;0,03;0,2;0,075;0,01;0;8,601410111895;75,2656649101866;0,067809189183576;NA;NA;NA
"23-02-2024";NA;8,32397881014905;17,6959198936416;15,6504006749052;56,429313417892;61,14996970842;NA;0,03;0,065;0,22;0,06;0,28;0,02;0,16;0,01;0,05;0,03;0,03;0,1;0,28;0,14;0,11;0,06;1,18;0,03;0,19;0,06;0,01;0;8,32397881014905;61,14996970842;0,0587440476521281;NA;NA;NA
"24-02-2024";NA;7,83237730218746;17,1397429103461;15,8104492850983;53,4341239871069;49,18478529014;NA;0,03;0,06;0,2;0,04;0,31;0,01;0,14;0,01;0,05;0,03;0,03;0,08;0,22;0,09;0,08;0,04;1,02;0,03;0,19;0,04;0,01;0;7,83237730218746;53,4341239871069;0,0502219540945557;NA;NA;NA
"25-02-2024";NA;7,24130313535407;16,5683572232649;15,9610632565604;51,5183153914589;40,7976814834307;NA;0,03;0,06;0,15;0,03;0,29;0,01;0,11;0,01;0,05;0,03;0,03;0,06;0,165;0,055;0,05;0,03;0,97;0,03;0,18;0,03;0,01;0;7,24130313535407;51,5183153914589;0,0426172565749276;NA;NA;NA
"26-02-2024";NA;6,63654311397514;16,1113488269577;16,1407335886813;50,6142681260393;35,6286019045766;NA;0,02;0,06;0,14;0,03;0,24;0,01;0,08;0,01;0,06;0,03;0,03;0,05;0,12;0,03;0,03;0,03;0,86;0,03;0,18;0,02;0,01;0;6,63654311397514;50,6142681260393;0,0371917920368988;NA;NA;NA
"27-02-2024";NA;6,12969403757613;15,767710611456;16,3877632328606;50,3381034829962;31,8555001988715;NA;0,02;0,07;0,13;0,04;0,21;0;0,06;0,01;0,08;0,03;0,02;0,04;0,1;0,02;0,02;0,03;0,78;0,03;0,18;0,01;0,01;0;6,12969403757613;50,3381034829962;0,034139976568377;NA;NA;NA
"28-02-2024";NA;5,78687678220365;15,6203276805039;16,5880105594324;50,1687763307298;28,7070214119567;NA;0,03;0,05;0,15;0,05;0,18;0,01;0,04;0,01;0,09;0,03;0,02;0,03;0,08;0,02;0,02;0,05;0,69;0,03;0,19;0,01;0,01;0;5,78687678220365;50,1687763307298;0,0324293753786637;NA;NA;NA
"01-03-2024";NA;5,60757277973157;15,6834275368892;16,7183447518636;49,2685807403022;25,9208315337542;NA;0,03;0,02;0,16;0,05;0,14;0,01;0,02;0,01;0,08;0,03;0,02;0,02;0,06;0,02;0,02;0,09;0,64;0,02;0,15;0,02;0,01;0;5,60757277973157;49,2685807403022;0,0294584419134167;NA;NA;NA
"02-03-2024";NA;5,56074597819602;15,9869739637715;16,7771312103714;49,347529790725;23,2445982374113;NA;0,02;0,01;0,14;0,05;0,11;0,01;0,03;0,01;0,06;0,02;0,02;0,02;0,05;0,02;0,02;0,14;0,62;0,01;0,13;0,03;0,01;0;5,56074597819602;49,347529790725;0,0277499648872615;NA;NA;NA
"03-03-2024";NA;5,59178140276348;16,6986632925851;16,6817840514888;50,1001327495467;20,7493958704009;NA;0,02;0,01;0,13;0,05;0,09;0,01;0,03;0,01;0,04;0,01;0,02;0,02;0,05;0,03;0,02;0,18;0,49;0,01;0,11;0,04;0,01;0;5,59178140276348;50,1001327495467;0,0263395994271567;NA;NA;NA
"04-03-2024";NA;5,65097254625094;17,8312060192108;16,40239507602;51,2581390005064;18,8592108096936;NA;0,01;0,01;0,13;0,05;0,09;0,01;0,04;0,02;0,03;0,01;0,02;0,03;0,06;0,04;0,02;0,21;0,41;0,01;0,09;0,04;0,01;0;5,65097254625094;51,2581390005064;0,0256937145807822;NA;NA;NA
"05-03-2024";NA;5,74554061119385;19,1914044909387;15,9287109567827;52,5944244303792;17,6463836247559;NA;0,01;0;0,13;0,04;0,08;0,01;0,04;0,03;0,02;0,01;0,02;0,05;0,06;0,05;0,02;0,22;0,37;0,01;0,09;0,04;0,01;0;5,74554061119385;52,5944244303792;0,0258491209987746;NA;NA;NA
"06-03-2024";NA;5,8921273956129;20,5690898686354;15,2072761147779;54,2184993660734;16,7711120797322;NA;0,01;0;0,17;0,03;0,07;0,01;0,05;0,04;0,02;0,01;0,01;0,06;0,06;0,06;0,02;0,19;0,34;0,01;0,1;0,03;0,01;0;5,8921273956129;54,2184993660734;0,0264076548605514;NA;NA;NA
"07-03-2024";NA;6,07073922529652;21,8006470972393;14,3550116034326;55,9137700492771;16,0820791607132;NA;0,01;0;0,22;0,02;0,08;0,01;0,05;0,07;0,02;0,02;0,01;0,07;0,055;0,05;0,03;0,16;0,3;0,02;0,12;0,02;0,01;0;6,07073922529652;55,9137700492771;0,0268548484841275;NA;NA;NA
"08-03-2024";NA;6,26528798641996;22,8548253309904;13,6075413804964;57,8011163171065;15,5125838742633;NA;0,01;0;0,26;0,01;0,09;0,01;0,05;0,095;0,01;0,02;0,01;0,07;0,06;0,05;0,04;0,12;0,3;0,02;0,12;0,01;0,01;0;6,26528798641996;57,8011163171065;0,0268612375097167;NA;NA;NA
"09-03-2024";NA;6,46319038330005;24,1187137944063;13,0551306122102;60,2444129392508;14,8577084232572;NA;0,01;0;0,28;0,01;0,1;0,01;0,04;0,12;0,01;0,04;0,01;0,07;0,06;0,04;0,05;0,09;0,3;0,02;0,12;0,01;0,02;0;6,46319038330005;60,2444129392508;0,0270288690396883;NA;NA;NA
"10-03-2024";NA;6,63774475440064;25,7842300094272;12,7384183074809;62,5972409385403;14,0198279988621;NA;0,01;0;0,28;0,01;0,12;0,01;0,03;0,135;0,01;0,05;0;0,06;0,06;0,04;0,06;0,06;0,37;0,02;0,12;0,01;0,02;0;6,63774475440064;62,5972409385403;0,027835652890101;NA;NA;NA
"11-03-2024";NA;6,76662890952336;27,6010374113444;12,7909010335306;63,2506821324056;13,194031536752;NA;0,01;0,01;0,28;0;0,15;0,01;0,02;0,14;0,01;0,06;0;0,06;0,06;0,04;0,08;0,05;0,54;0,03;0,11;0,01;0,02;0;6,76662890952336;63,2506821324056;0,029258990917608;NA;NA;NA
"12-03-2024";NA;6,83922383328337;29,3125816478933;13,2426196611928;62,0534646031078;12,3932724193368;NA;0,01;0,01;0,3;0;0,15;0,01;0,02;0,13;0,01;0,06;0;0,06;0,06;0,04;0,12;0,06;0,74;0,03;0,1;0,01;0,01;0;6,83922383328337;62,0534646031078;0,0313571525583864;NA;NA;NA
"13-03-2024";NA;6,87394713179068;30,8022018011412;13,9190791374232;60,0585826882871;11,5424266987549;NA;0,01;0,01;0,34;0;0,16;0,02;0,01;0,1;0,01;0,06;0;0,06;0,06;0,04;0,15;0,07;1;0,02;0,1;0,01;0,01;0;6,87394713179068;60,0585826882871;0,0335546820323353;NA;NA;NA
"14-03-2024";NA;6,82072696364905;32,0292669254792;14,7125256180993;58,1980251618391;10,6909007586204;NA;0,01;0,01;0,32;0;0,18;0,02;0,01;0,06;0,02;0,05;0;0,07;0,05;0,04;0,16;0,1;1,19;0,02;0,1;0,01;0,01;0;6,82072696364905;58,1980251618391;0,0349112845107215;NA;NA;NA
"15-03-2024";NA;6,60265227240862;33,4671075739321;15,5867006860921;57,0589652407924;9,84915397874392;NA;0,01;0,01;0,29;0,01;0,2;0,01;0,01;0,04;0,02;0,04;0;0,09;0,05;0,04;0,14;0,12;1,19;0,02;0,1;0,02;0,01;0;6,60265227240862;57,0589652407924;0,0352203001483499;NA;NA;NA
"16-03-2024";NA;6,24322501327488;35,8280876764823;16,3100487656776;56,711627119981;8,98883151330019;NA;0,02;0,01;0,27;0,01;0,23;0,01;0,01;0,02;0,02;0,03;0;0,1;0,06;0,04;0,11;0,13;1,11;0,02;0,11;0,02;0,01;0;6,24322501327488;56,711627119981;0,0343823030012601;NA;NA;NA
"17-03-2024";NA;5,80714803951121;39,3139181560405;16,8303656287751;57,2679945477084;8,1493448746425;NA;0,02;0,01;0,23;0,01;0,27;0,01;0,01;0,02;0,015;0,02;0;0,11;0,06;0,04;0,08;0,14;0,77;0,01;0,1;0,02;0;0;5,80714803951121;57,2679945477084;0,032412097974242;NA;NA;NA
"18-03-2024";NA;5,35252974146235;43,6046040506178;17,2373763907925;58,5095045470054;7,47990688608163;NA;0,02;0;0,21;0,03;0,22;0,01;0,01;0,01;0,02;0,01;0;0,12;0,06;0,03;0,06;0,13;0,45;0,01;0,09;0,02;0;0;5,35252974146235;58,5095045470054;0,0297796279990228;NA;NA;NA
"19-03-2024";NA;4,9157279107517;48,287431600431;17,4599139806749;59,8089052538449;7,02139161077599;NA;0,02;0;0,22;0,04;0,21;0,01;0,01;0,01;0,02;0,01;0;0,13;0,06;0,03;0,04;0,11;0,23;0,01;0,06;0,02;0;0;4,9157279107517;59,8089052538449;0,0271084757243184;NA;NA;NA
"20-03-2024";NA;4,54034146624614;52,9635591221404;17,5227070747973;60,0710468835957;6,72690631620789;NA;0,02;0;0,22;0,045;0,18;0,01;0,01;0,02;0,02;0,01;0;0,13;0,07;0,02;0,03;0,09;0,13;0,01;0,05;0,01;0;0;4,54034146624614;60,0710468835957;0,0251047331814377;NA;NA;NA
"21-03-2024";NA;4,24090980768373;57,2065572081793;17,4997534080854;58,586973687067;6,56744361209717;NA;0,02;0;0,22;0,05;0,18;0,01;0,01;0,02;0,02;0,01;0;0,12;0,08;0,03;0,02;0,07;0,09;0,01;0,04;0,01;0;0;4,24090980768373;58,586973687067;0,023880703675614;NA;NA;NA
"22-03-2024";NA;4,00781781779507;61,2655864557056;17,3937288186745;55,9110064482451;6,4558308913915;NA;0,02;0;0,23;0,04;0,18;0,015;0,01;0,04;0,01;0,02;0;0,1;0,09;0,04;0,02;0,05;0,08;0,01;0,03;0,01;0;0;4,00781781779507;61,2655864557056;0,0233809600454717;NA;NA;NA
"23-03-2024";NA;3,81003264676948;65,5823577699046;17,1681705224738;52,5184253765391;6,32196928031689;NA;0,01;0;0,24;0,03;0,17;0,02;0,01;0,06;0,01;0,03;0;0,08;0,1;0,05;0,02;0,04;0,09;0,01;0,03;0,01;0;0;3,81003264676948;65,5823577699046;0,0231334701828978;NA;NA;NA
"24-03-2024";NA;3,63185529939343;69,8396431371703;16,9959477454504;49,2097737760888;6,15159380596174;NA;0,01;0;0,24;0,02;0,15;0,02;0,02;0,09;0,01;0,04;0;0,06;0,11;0,05;0,02;0,04;0,1;0,02;0,03;0,01;0;0;3,63185529939343;69,8396431371703;0,0225345640033526;NA;NA;NA
"25-03-2024";NA;3,46921718870245;73,7407814139381;16,920453918058;46,8567630242621;5,96315774720967;NA;0,01;0;0,22;0,01;0,13;0,02;0,02;0,09;0,01;0,05;0;0,06;0,11;0,05;0,02;0,04;0,13;0,02;0,03;0,01;0;0;3,46921718870245;73,7407814139381;0,0217018988450182;NA;NA;NA
"26-03-2024";NA;3,31474674874071;77,082930190751;16,777132482134;45,4965294563412;5,77978135905492;NA;0,01;0;0,19;0,01;0,11;0,01;0,02;0,08;0,01;0,05;0;0,05;0,11;0,04;0,02;0,03;0,16;0,02;0,04;0,01;0;0;3,31474674874071;77,082930190751;0,0205959433621745;NA;NA;NA
"27-03-2024";NA;3,19101226889488;79,5288801431844;16,4269350730547;44,8896425691508;5,57438757589579;NA;0;0;0,16;0,01;0,1;0,01;0,02;0,06;0,01;0,04;0;0,04;0,11;0,04;0,02;0,03;0,18;0,02;0,04;0,01;0;0;3,19101226889488;79,5288801431844;0,0189551089139714;NA;NA;NA
"28-03-2024";NA;3,11428095138222;81,0975773118503;15,9257283196246;44,4879480934009;5,32313636482796;NA;0;0;0,13;0,01;0,08;0,01;0,01;0,05;0,01;0,03;0;0,03;0,1;0,03;0,02;0,03;0,16;0,02;0,04;0,01;0;0;3,11428095138222;81,0975773118503;0,0168491467140535;NA;NA;NA
"29-03-2024";NA;3,06390747052561;81,773332584412;15,405930900954;43,438200934926;5,04679346686248;NA;0;0;0,09;0,01;0,06;0,01;0,01;0,03;0,01;0,02;0;0,02;0,09;0,02;0,01;0,02;0,12;0,02;0,03;0,01;0;0;3,06390747052561;81,773332584412;0,0145265903591737;NA;NA;NA
"30-03-2024";NA;3,02668626682665;81,6309490704195;15,0481694529488;41,9748409393555;4,78888456350212;NA;0;0;0,07;0,01;0,04;0,01;0,01;0,02;0,01;0,02;0;0,02;0,09;0,01;0,01;0,02;0,09;0,02;0,01;0,01;0;0;3,02668626682665;81,6309490704195;0,0123197130015967;NA;NA;NA
"31-03-2024";NA;2,97117469534358;80,7771204845968;14,8944410173916;39,9642665460395;4,54732720614366;NA;0;0;0,05;0,01;0,02;0,02;0;0,01;0,02;0,01;0;0,01;0,09;0,01;0,01;0,02;0,06;0,01;0,01;0;0;0;2,97117469534358;80,7771204845968;0,0104126990444298;NA;NA;NA
"01-04-2024";NA;2,85441888619378;79,1088202802785;14,8926391117831;36,5563503538094;4,33833223271177;NA;0;0;0,03;0,02;0,01;0,02;0;0;0,01;0,005;0;0,01;0,09;0;0,01;0,01;0,04;0,01;0;0;0;0;2,85441888619378;79,1088202802785;0,00903196463436294;NA;NA;NA
"02-04-2024";NA;2,67868395371475;76,7665988184433;15,030838074078;31,7528318828669;4,18947639351058;NA;0;0;0,03;0,02;0,01;0,02;0;0;0,01;0;0;0,01;0,09;0;0,01;0,01;0,02;0,01;0;0;0;0;2,67868395371475;76,7665988184433;0,00833391997508297;NA;NA;NA
"03-04-2024";NA;2,48566546848187;74,2973096488587;15,2948512609188;26,4349697697855;4,11554687029617;NA;0;0;0,03;0,02;0,01;0,02;0;0;0,01;0,005;0;0,01;0,1;0;0,01;0,01;0,02;0,01;0;0;0;0;2,48566546848187;74,2973096488587;0,00815599327226145;NA;NA;NA
"04-04-2024";NA;2,31386823968692;72,6497354301454;15,7364530984358;21,4723927122494;4,09093241825458;NA;0;0;0,04;0,02;0,01;0,02;0;0;0,01;0,01;0;0,01;0,12;0;0,01;0,01;0,02;0,01;0;0;0;0;2,31386823968692;72,6497354301454;0,00839802727600516;NA;NA;NA
"05-04-2024";NA;2,16335614924037;72,0976572772093;16,330045157745;17,2928462995567;4,06444966699593;NA;0;0;0,05;0,02;0,02;0,01;0;0;0,01;0,01;0;0,02;0,135;0;0,01;0,01;0,02;0,01;0;0;0;0;2,16335614924037;72,0976572772093;0,00895755679246833;NA;NA;NA
"06-04-2024";NA;2,04972976977933;72,3710644164326;17,014393014999;14,2771913311674;4,01727306658106;NA;0;0;0,07;0,02;0,03;0,01;0;0;0,01;0,01;0;0,02;0,13;0,01;0,01;0,02;0,03;0,01;0,01;0,01;0;0;2,04972976977933;72,3710644164326;0,00956145755044375;NA;NA;NA
"07-04-2024";NA;1,98515975679805;72,6919269612152;17,6578696989662;12,3303178111949;3,96302349995991;NA;0;0;0,08;0,01;0,04;0,01;0;0;0,01;0,01;0;0,04;0,12;0,01;0,01;0,02;0,05;0;0,01;0,01;0;0;1,98515975679805;72,6919269612152;0,010130588511673;NA;NA;NA
"08-04-2024";NA;1,94296693882652;72,0814874127981;18,0771751033754;10,8191995786975;3,92762903210496;NA;0;0;0,12;0,01;0,06;0;0;0;0,01;0,01;0;0,07;0,12;0,01;0,01;0,03;0,07;0;0,02;0,01;0;0;1,94296693882652;72,0814874127981;0,0107518534554118;NA;NA;NA
"09-04-2024";NA;1,90645149642578;69,7995592980294;18,1782495338136;9,55219120840564;3,92537403257205;NA;0;0;0,14;0,01;0,08;0;0;0;0,01;0,005;0,005;0,1;0,12;0,01;0,01;0,04;0,1;0;0,03;0,01;0;0;1,90645149642578;69,7995592980294;0,0114746382383036;NA;NA;NA
"10-04-2024";NA;1,88328011497775;66,0920879330195;18,067641762472;8,42710803230067;3,9475480743993;NA;0;0;0,16;0,01;0,09;0;0;0;0,01;0;0,01;0,125;0,11;0,02;0,02;0,05;0,14;0;0,04;0,01;0;0,01;1,88328011497775;66,0920879330195;0,0124418333061495;NA;NA;NA
"11-04-2024";NA;1,881919844584;62,1283153442953;17,8788397472541;7,29055702055597;3,98617146075637;NA;0;0;0,16;0;0,09;0;0;0;0,01;0;0,01;0,15;0,1;0,02;0,02;0,06;0,19;0;0,05;0,01;0;0,175;1,881919844584;62,1283153442953;0,0135873497135358;NA;NA;NA
"12-04-2024";NA;1,88323513002351;58,9205684050452;17,6556699051149;6,25024864093382;4,03793536211549;NA;0;0;0,15;0;0,1;0;0;0;0,01;0,01;0,01;0,15;0,1;0,025;0,03;0,06;0,24;0,01;0,05;0,01;0;0,825;1,88323513002351;58,9205684050452;0,014542937846891;NA;NA;NA
"13-04-2024";NA;1,87995523012286;56,0672230173173;17,3100128757723;5,48488821738736;4,05118460716557;NA;0;0,01;0,14;0;0,09;0;0;0;0,01;0,01;0,01;0,14;0,09;0,03;0,03;0,06;0,26;0,01;0,05;0,01;0;2,205;1,87995523012286;56,0672230173173;0,0151331917800193;NA;NA;NA
"14-04-2024";NA;1,87309504049713;52,6484471952572;16,8030269143912;4,99379266924309;3,99961973403179;NA;0,01;0,01;0,12;0;0,06;0;0;0;0,02;0,01;0,01;0,13;0,09;0,02;0,03;0,05;0,24;0,01;0,05;0,01;0;3,99;1,87309504049713;52,6484471952572;0,0156537855785352;NA;NA;NA
"15-04-2024";NA;1,85177480123853;48,1660585277607;16,2689793767395;4,68260860434059;3,92219824279557;NA;0,01;0,01;0,1;0,01;0,05;0;0,01;0;0,04;0,01;0,01;0,11;0,09;0,02;0,02;0,03;0,2;0,01;0,04;0,01;0,01;5,23;1,85177480123853;48,1660585277607;0,0163275939356744;NA;NA;NA
"16-04-2024";NA;1,81145632339321;42,3896306704316;15,767221054319;4,5064611216228;3,8319900430453;NA;0,01;0,01;0,09;0,01;0,04;0,005;0,01;0;0,08;0,02;0;0,1;0,09;0,02;0,02;0,03;0,14;0,01;0,04;0,01;0,01;4,93;1,81145632339321;42,3896306704316;0,017078218708608;NA;NA;NA
"17-04-2024";NA;1,76600710356313;36,0323186093296;15,4503277156525;4,44215788959076;3,71085989108765;NA;0,01;0,01;0,08;0,01;0,04;0,01;0,01;0,01;0,11;0,02;0;0,1;0,09;0,01;0,02;0,03;0,09;0,01;0,03;0,01;0,01;3,21;1,76600710356313;36,0323186093296;0,0178053731875878;NA;NA;NA
"18-04-2024";NA;1,71562402035928;30,5773783088852;15,2362768014169;4,41740096719309;3,55025443339966;NA;0,01;0,01;0,08;0,01;0,04;0,01;0,02;0,02;0,17;0,03;0;0,1;0,09;0,01;0,02;0,03;0,06;0,01;0,02;0;0,02;1,32;1,71562402035928;30,5773783088852;0,0182792536916509;NA;NA;NA
"19-04-2024";NA;1,65586249792816;26,8604829287012;15,0244547624616;4,35098980452122;3,38413238322142;NA;0,01;0;0,07;0,01;0,04;0,01;0,02;0,03;0,2;0,03;0;0,09;0,09;0,01;0,02;0,03;0,06;0,01;0,02;0;0,02;0,295;1,65586249792816;26,8604829287012;0,0182778589447825;NA;NA;NA
"20-04-2024";NA;1,57441356573111;24,7298078208523;14,8654594541574;4,2235360741546;3,22840149571082;NA;0,01;0;0,06;0,02;0,04;0,01;0,02;0,04;0,21;0,04;0;0,09;0,08;0,01;0,02;0,03;0,06;0,01;0,01;0;0,01;0,025;1,57441356573111;24,7298078208523;0,0182632993346347;NA;NA;NA
"21-04-2024";NA;1,46627383085868;23,6659788195464;14,7145994471487;3,98926205991056;3,06535770741669;NA;0,01;0;0,06;0,03;0,04;0,01;0,01;0,045;0,195;0,04;0;0,09;0,08;0,01;0,02;0,04;0,07;0,01;0,01;0;0,01;0;1,46627383085868;23,6659788195464;0,0188559066370494;NA;NA;NA
"22-04-2024";NA;1,33597055903248;23,0149437767761;14,4935065836912;3,65197617127702;2,91307564647373;NA;0,01;0;0,06;0,06;0,05;0,01;0,01;0,04;0,155;0,04;0;0,08;0,08;0,01;0,02;0,06;0,1;0,01;0,01;0;0,01;0;1,33597055903248;23,0149437767761;0,0200247997686827;NA;NA;NA
"23-04-2024";NA;1,19609771466932;22,2694211360235;14,2403800231181;3,27480319800397;2,74765192682919;NA;0,01;0;0,07;0,08;0,06;0,01;0,01;0,04;0,11;0,04;0;0,07;0,08;0,01;0,03;0,07;0,14;0,01;0,02;0,01;0,01;0;1,19609771466932;22,2694211360235;0,0213982427555103;NA;NA;NA
"24-04-2024";NA;1,0769301132739;21,2898774278819;13,9086731096576;2,92843229711077;2,57224990735686;NA;0,01;0;0,06;0,085;0,05;0,01;0,01;0,03;0,07;0,04;0;0,07;0,09;0,01;0,04;0,09;0,19;0,01;0,02;0,01;0;0;1,0769301132739;21,2898774278819;0,022385907224394;NA;NA;NA
"25-04-2024";NA;0,988598927792379;20,2356900004951;13,5172970013917;2,66784070126984;2,4534078938381;NA;0,01;0;0,06;0,095;0,06;0,01;0,01;0,02;0,05;0,05;0;0,06;0,1;0,01;0,06;0,1;0,23;0,01;0,03;0,01;0;0;0,988598927792379;20,2356900004951;0,0226898728768896;NA;NA;NA
"26-04-2024";NA;0,932913775085853;19,1671938022994;13,1852706823084;2,46331392656902;2,39892660076837;NA;0,01;0;0,06;0,09;0,06;0,01;0,01;0,02;0,03;0,04;0;0,06;0,1;0,01;0,07;0,09;0,23;0,01;0,03;0,02;0;0;0,932913775085853;19,1671938022994;0,0224878175651182;NA;NA;NA
"27-04-2024";NA;0,913524904128539;18,0280708700084;12,9946909012471;2,31722204255902;2,3915881009534;NA;0,01;0;0,06;0,065;0,05;0;0,01;0,01;0,03;0,02;0;0,07;0,09;0,01;0,06;0,07;0,21;0,01;0,04;0,02;0;0;0,913524904128539;18,0280708700084;0,0215132058104602;NA;NA;NA
"28-04-2024";NA;0,911325852903233;16,6916446489253;12,9579151020372;2,22883495052925;2,41422433497189;NA;0,01;0;0,06;0,04;0,05;0;0,01;0,01;0,02;0,01;0;0,06;0,09;0,01;0,04;0,06;0,16;0,01;0,04;0,02;0;0,035;0,911325852903233;16,6916446489253;0,0195201786812428;NA;NA;NA
"29-04-2024";NA;0,909421361532901;15,1314314055114;12,8974361022028;2,15979988614082;2,45929292150333;NA;0,01;0;0,05;0,02;0,05;0;0,01;0,01;0,01;0,01;0;0,06;0,085;0,01;0,03;0,04;0,12;0,01;0,03;0,02;0;0,475;0,909421361532901;15,1314314055114;0,0168723264360284;NA;NA;NA
"30-04-2024";NA;0,908384752071297;13,4946457490194;12,6872437722464;2,06517707396599;2,54130829903148;NA;0,01;0;0,04;0,01;0,04;0;0,01;0,01;0,01;0,01;0;0,06;0,08;0;0,02;0,02;0,09;0,01;0,02;0,01;0;2,505;0,908384752071297;13,4946457490194;0,0140783493716233;NA;NA;NA
"01-05-2024";NA;0,913202607933208;11,9233971998844;12,1776742153802;1,9090866437568;2,64599371137984;1,23868290733082;0,01;0;0,02;0;0,04;0,005;0,01;0,01;0,01;0,01;0;0,06;0,08;0;0,01;0,02;0,08;0,01;0,02;0;0;6,935;0,913202607933208;12,1776742153802;0,0116262326153026;NA;NA;NA
"02-05-2024";NA;0,923765230326469;10,6829274521837;11,4388845919078;1,72147796014991;2,75103747051846;1,23112818781798;0,01;0;0,02;0;0,04;0,01;0,01;0,01;0,01;0,01;0;0,07;0,07;0;0,01;0,01;0,09;0;0,02;0;0;12,245;0,923765230326469;11,4388845919078;0,00984805940426829;NA;NA;NA
"03-05-2024";NA;0,92736346829873;9,84354047608478;10,749560204482;1,55780663909262;2,85840223541089;1,22526957430288;0,01;0;0,02;0;0,03;0,01;0,01;0,01;0,01;0,01;0;0,08;0,06;0;0,01;0,01;0,11;0;0,02;0;0;16,095;0,92736346829873;10,749560204482;0,00880042043290002;NA;NA;NA
"04-05-2024";NA;0,914543093989854;9,20800715618464;10,0383178381894;1,44137433296767;2,93593467764413;1,2318269758158;0;0;0,02;0;0,03;0,01;0;0,01;0;0,01;0;0,09;0,05;0;0,01;0;0,14;0;0,02;0;0;16,065;0,914543093989854;10,0383178381894;0,00821799570515501;NA;NA;NA
"05-05-2024";NA;0,877885951602167;8,65671877189292;9,25131783387906;1,39644654939728;2,95559392661524;1,23900887883809;0;0;0,02;0;0,03;0,01;0;0,01;0;0;0;0,09;0,04;0;0;0;0,18;0;0,02;0;0;11,715;0,877885951602167;9,25131783387906;0,00778202153415631;NA;NA;NA
"06-05-2024";NA;0,815554763936916;8,20641318590014;8,52262332885993;1,42217419955031;2,91641728012261;1,23527800200239;0;0;0,03;0;0,03;0,01;0;0,01;0;0;0;0,08;0,04;0;0;0;0,23;0;0,02;0;0;5,62;0,815554763936916;8,52262332885993;0,00747619217261704;NA;NA;NA
"07-05-2024";NA;0,747193618735702;7,82930692615878;7,92581505902131;1,51832124058765;2,8594215016919;1,22448253403496;0;0,005;0,03;0;0,02;0,01;0;0,01;0;0;0;0,075;0,035;0,005;0;0;0,28;0;0,02;0;0;1,39;0,747193618735702;7,92581505902131;0,00746887971774079;NA;NA;NA
"08-05-2024";NA;0,690536910402503;7,52175959794619;7,43486375584214;1,70258198634219;2,8480344749806;1,20518732220098;0;0,01;0,04;0;0,02;0;0;0,01;0;0;0;0,07;0,04;0,01;0;0;0,32;0;0,03;0;0;0,33;0,690536910402503;7,52175959794619;0,00772997288520508;NA;NA;NA
"09-05-2024";NA;0,655484485915592;7,36933907742552;7,02116207782978;1,94883193409444;2,89319015027901;1,16037492725393;0;0,01;0,04;0;0,03;0;0;0,01;0;0;0;0,07;0,04;0,01;0;0;0,34;0,01;0,02;0;0;0,31;0,655484485915592;7,36933907742552;0,00804393132063879;NA;NA;NA
"10-05-2024";NA;0,642578007581376;7,36584366781107;6,74788068549151;2,20237062298006;2,96227770640076;1,11602692861049;0;0;0,04;0;0,03;0;0;0,01;0;0;0;0,07;0,04;0,01;0;0,01;0,31;0,01;0,02;0;0;1,195;0,642578007581376;7,36584366781107;0,00812441596937138;NA;NA;NA
"11-05-2024";NA;0,643449968169476;7,39950684853197;6,58008890300047;2,41204076995955;3,01495018162779;1,1224369221958;0;0;0,03;0;0,03;0,005;0;0,01;0;0;0;0,06;0,04;0,01;0;0,01;0,28;0,01;0,02;0;0;4,115;0,643449968169476;7,39950684853197;0,00804701288557427;NA;NA;NA
"12-05-2024";NA;0,655363680639504;7,3959998611979;6,36465594205834;2,53043246134894;3,02796044252664;1,18491476078827;0;0;0,02;0;0,03;0,01;0;0,01;0;0;0;0,04;0,04;0,02;0;0,02;0,29;0,01;0,02;0;0;7,755;0,655363680639504;7,3959998611979;0,00805799597066805;NA;NA;NA
"13-05-2024";NA;0,674687610438112;7,29648351609317;6,10050211428773;2,51899287673045;3,00337451948882;1,26574581050498;0;0;0,01;0,01;0,04;0,01;0,01;0,01;0;0;0;0,04;0,05;0,02;0;0,03;0,31;0;0,02;0;0;10,03;0,674687610438112;7,29648351609317;0,008128281143426;NA;NA;NA
"14-05-2024";NA;0,695371230203973;7,04766774849912;5,87685311547757;2,37181373867922;2,96042743020331;1,33949401472435;0;0;0,01;0,01;0,05;0,01;0,01;0,01;0;0;0;0,03;0,05;0,02;0,01;0,04;0,37;0;0,03;0;0;10,095;0,695371230203973;7,04766774849912;0,00824918065749308;NA;NA;NA
"15-05-2024";NA;0,716131372984489;6,70197820878903;5,75454225227551;2,17777969983771;2,92016811673574;1,41322629040197;0;0;0,01;0,01;0,07;0,01;0,01;0,01;0;0;0;0,03;0,05;0,02;0,01;0,04;0,41;0;0,04;0;0;8,27;0,716131372984489;6,70197820878903;0,0083991093310914;NA;NA;NA
"16-05-2024";NA;0,738212737877993;6,34844715702518;5,75626851579322;2,01925048523105;2,90147698271384;1,5013721440587;0;0;0,01;0,01;0,09;0;0,01;0,01;0;0;0;0,03;0,05;0,02;0,01;0,04;0,44;0;0,05;0;0;5,18;0,738212737877993;6,34844715702518;0,00849689295017038;NA;NA;NA
"17-05-2024";NA;0,754911706075446;6,0352055355077;5,84608524687508;1,92115317172075;2,88668209334946;1,5991773098173;0;0;0,01;0,01;0,09;0;0,02;0,01;0;0;0;0,03;0,045;0,02;0,01;0,03;0,45;0;0,05;0;0;2,125;0,754911706075446;6,0352055355077;0,00848970368700861;NA;NA;NA
"18-05-2024";NA;0,756549742849984;5,7618037294357;6,03528764427046;1,87927009691127;2,85779076697446;1,68694004797833;0;0;0,01;0,01;0,08;0;0,02;0,01;0;0;0;0,03;0,04;0,015;0,01;0,02;0,4;0,01;0,04;0;0;0,455;0,756549742849984;6,03528764427046;0,00837340560022755;NA;NA;NA
"19-05-2024";NA;0,740984869647013;5,51222704642142;6,3556605182507;1,87506112007142;2,81530475866697;1,74286847463954;0;0,01;0,01;0,01;0,06;0;0,02;0,01;0;0;0;0,03;0,04;0,01;0,01;0,02;0,34;0,01;0,04;0;0;0,095;0,740984869647013;6,3556605182507;0,00821717031234236;NA;NA;NA
"20-05-2024";NA;0,720211441258147;5,2967082838904;6,76291736239228;1,91898623854229;2,77136471325581;1,76117178644539;0;0,01;0,01;0,01;0,05;0;0,01;0,01;0,01;0;0;0,02;0,03;0,01;0;0,01;0,29;0,01;0,03;0;0;0,09;0,720211441258147;6,76291736239228;0,00808900400890359;NA;NA;NA
"21-05-2024";NA;0,697965128610726;5,1047186024336;7,16512025480814;2,01686352196491;2,74855267454157;1,73483017749008;0;0,01;0,01;0,02;0,05;0;0,01;0,01;0,01;0;0;0,01;0,02;0,01;0;0,01;0,24;0,01;0,02;0;0,01;0,35;0,697965128610726;7,16512025480814;0,00792849448420369;NA;NA;NA
"22-05-2024";NA;0,676352354153416;4,9141871285549;7,46210282003797;2,10999319653069;2,75826916101111;1,66357456962972;0;0,02;0,01;0,02;0,03;0;0,01;0,01;0,01;0;0;0,01;0,02;0,01;0;0,01;0,17;0,01;0,02;0;0,01;1,295;0,676352354153416;7,46210282003797;0,00764974731742409;NA;NA;NA
"23-05-2024";NA;0,659476066615081;4,75387524165211;7,6239216426773;2,1646024119638;2,77733680199324;1,57886513601364;0;0,01;0,02;0,02;0,02;0;0,01;0,01;0,01;0;0;0,01;0,02;0,01;0;0,01;0,12;0,01;0,01;0;0,01;2,485;0,659476066615081;7,6239216426773;0,00727128508754098;NA;NA;NA
"24-05-2024";NA;0,639532082335094;4,61466632475132;7,62221193051327;2,17884378169336;2,78645309488112;1,50667007267518;0;0,01;0,02;0,01;0,01;0;0,01;0,015;0,01;0;0;0,01;0,02;0,01;0;0,01;0,09;0,01;0,02;0;0,02;3,175;0,639532082335094;7,62221193051327;0,0069714931743329;NA;NA;NA
"25-05-2024";NA;0,614336790584767;4,47849787229357;7,39992111766018;2,15961724643831;2,75280251657304;1,44519247017699;0;0,01;0,02;0,01;0,01;0;0,01;0,01;0,02;0;0;0,01;0,03;0;0;0,01;0,07;0,01;0,02;0;0,01;3,015;0,614336790584767;7,39992111766018;0,00672489668949228;NA;NA;NA
"26-05-2024";NA;0,579326206158661;4,40069071456539;7,03248574048012;2,11270767622347;2,68545714507849;1,38896529085187;0;0;0,02;0,01;0,01;0;0,01;0,01;0,02;0;0;0,01;0,03;0;0;0,02;0,06;0,01;0,02;0;0,01;2,23;0,579326206158661;7,03248574048012;0,006460175789885;NA;NA;NA
"27-05-2024";NA;0,533197420736535;4,36684281748074;6,66254115209239;2,03460764699307;2,63800506553607;1,3416177371741;0;0;0,01;0;0,01;0;0,01;0,01;0,03;0,01;0;0,01;0,03;0;0;0,02;0,05;0,01;0,02;0;0,01;1,315;0,533197420736535;6,66254115209239;0,00626953040573784;NA;NA;NA
"28-05-2024";NA;0,4879718640425;4,33667275573786;6,33921289171119;1,94230305547431;2,62266404866475;1,31409676788364;0;0;0,01;0;0,01;0;0;0,02;0,03;0,01;0;0,02;0,03;0;0;0,01;0,05;0,01;0,02;0;0,01;0,55;0,4879718640425;6,33921289171119;0,00628497011352799;NA;NA;NA
"29-05-2024";NA;0,453746922332733;4,31821985649806;6,09849716354804;1,85943555828207;2,64559146852736;1,3188613898283;0;0;0,01;0;0,02;0;0,01;0,02;0,05;0,01;0;0,02;0,03;0;0;0,01;0,06;0,01;0,02;0;0,01;0,13;0,453746922332733;6,09849716354804;0,00663104653924364;NA;NA;NA
"30-05-2024";NA;0,429769665193655;4,33815697637716;5,93006070711302;1,79907875493815;2,70817755916342;1,3736081109356;0;0;0,02;0;0,02;0;0,01;0,02;0,06;0,03;0;0,02;0,03;0;0;0,01;0,07;0,01;0,02;0;0,01;0,01;0,429769665193655;5,93006070711302;0,0073222978593805;NA;NA;NA
"31-05-2024";NA;0,411685082534193;4,39261958063286;5,80351978576881;1,75387301617781;2,76262190523267;1,48501183433759;0;0;0,03;0;0,03;0;0,01;0,02;0,055;0,04;0;0,02;0,04;0;0,01;0,02;0,11;0,01;0,03;0;0,01;0;0,411685082534193;5,80351978576881;0,00833861559476431;NA;NA;NA
"01-06-2024";NA;0,401895040200813;4,45229350427095;5,70776088077326;1,71541581124081;2,76195841968771;1,63877668199175;0;0;0,05;0;0,03;0;0,01;0,02;0,055;0,06;0;0,02;0,04;0;0,01;0,03;0,17;0,01;0,04;0;0,01;0;0,401895040200813;5,70776088077326;0,00962777888141811;NA;NA;NA
"02-06-2024";NA;0,398695410268469;4,51941830238672;5,64566492095337;1,68658508101867;2,7084378077137;1,8172474600413;0;0;0,09;0;0,03;0;0,01;0,03;0,045;0,07;0;0,02;0,06;0,005;0,01;0,04;0,24;0,01;0,06;0;0,02;0;0,398695410268469;5,64566492095337;0,0110948390851548;NA;NA;NA
"03-06-2024";NA;0,395372956176054;4,61505216084441;5,60673483339862;1,66499253409772;2,63320175674142;2,00192762326051;0;0;0,1;0;0,04;0;0,01;0,03;0,04;0,07;0;0,02;0,07;0,01;0,02;0,06;0,28;0,01;0,09;0,01;0,02;0;0,395372956176054;5,60673483339862;0,0125182396389468;NA;NA;NA
"04-06-2024";NA;0,390048880744319;4,75619317236283;5,54842088004184;1,66360044011406;2,55184305981545;2,15901082089198;0;0;0,11;0,01;0,04;0;0,01;0,03;0,03;0,07;0;0,02;0,09;0,01;0,03;0,08;0,3;0,01;0,11;0,01;0,02;0;0,390048880744319;5,54842088004184;0,0137905194865826;NA;NA;NA
"05-06-2024";NA;0,385426057856515;4,94128035849242;5,46994654683619;1,7036829297321;2,45510550565038;2,26932701770851;0,01;0;0,13;0,01;0,04;0;0,01;0,02;0,02;0,055;0;0,02;0,12;0,01;0,03;0,09;0,29;0;0,12;0,01;0,02;0,02;0,385426057856515;5,46994654683619;0,0150991566519566;NA;NA;NA
"06-06-2024";NA;0,382327025644586;5,14516626705592;5,35420588694416;1,79631635864319;2,3284370527144;2,33148335291114;0,01;0;0,15;0,01;0,05;0,01;0,01;0,02;0,02;0,04;0;0,02;0,14;0,01;0,04;0,09;0,28;0;0,13;0;0,02;0,3;0,382327025644586;5,35420588694416;0,016452589352961;NA;NA;NA
"07-06-2024";NA;0,383289692171468;5,36201802087492;5,19864043605147;1,93615111255776;2,20008645265185;2,32699405816203;0,01;0;0,14;0,01;0,05;0,03;0;0,01;0,01;0,03;0;0,03;0,15;0,02;0,04;0,09;0,25;0;0,11;0;0,01;1,415;0,383289692171468;5,36201802087492;0,0175347914628041;NA;NA;NA
"08-06-2024";NA;0,389670491979398;5,61920707985132;5,05537191161165;2,10580262145706;2,12583328225972;2,25660111179907;0,01;0,01;0,12;0,01;0,05;0,06;0;0,01;0,01;0,02;0;0,04;0,15;0,02;0,04;0,08;0,22;0;0,08;0;0,01;3,61;0,389670491979398;5,61920707985132;0,0181603148159316;NA;NA;NA
"09-06-2024";NA;0,399603854116625;5,87233934941129;4,9360495087701;2,27174848314998;2,12559918164382;2,15216811680757;0,01;0,02;0,09;0,01;0,06;0,095;0,01;0;0,01;0,01;0;0,05;0,145;0,02;0,04;0,06;0,21;0;0,06;0;0,01;6,28;0,399603854116625;5,87233934941129;0,0186143053517144;NA;NA;NA
"10-06-2024";NA;0,413003299987516;6,0551313787386;4,82975749395758;2,41069276289078;2,19006765641992;2,0585783053866;0,01;0,03;0,06;0,01;0,05;0,13;0,01;0,01;0,02;0,01;0;0,07;0,14;0,02;0,03;0,05;0,17;0,01;0,04;0;0;8,005;0,413003299987516;6,0551313787386;0,0190152032228794;NA;NA;NA
"11-06-2024";NA;0,428537599368967;6,21533823879394;4,77033057482832;2,5112418760154;2,30784513867806;2,00642009536774;0,01;0,035;0,05;0;0,05;0,13;0,01;0,01;0,02;0;0;0,08;0,13;0,02;0,02;0,04;0,15;0,01;0,02;0;0;7,245;0,428537599368967;6,21533823879394;0,0192710913554355;NA;NA;NA
"12-06-2024";NA;0,444132467841223;6,40942172260749;4,71772488058152;2,56945860054989;2,43676914544171;1,9912099314609;0,01;0,04;0,04;0;0,05;0,12;0,01;0,01;0,03;0,01;0;0,1;0,12;0,03;0,02;0,03;0,12;0,01;0,02;0;0;4,41;0,444132467841223;6,40942172260749;0,0192358419560897;NA;NA;NA
"13-06-2024";NA;0,457044395145807;6,65828216176799;4,63586299879657;2,57874720335612;2,54038072740524;2,00305269914023;0,01;0,04;0,05;0;0,05;0,09;0,02;0,01;0,04;0;0;0,1;0,11;0,02;0,01;0,03;0,11;0,01;0,02;0;0;1,66;0,457044395145807;6,65828216176799;0,0188606216009805;NA;NA;NA
"14-06-2024";NA;0,465988341120916;6,90895247163994;4,55466951683249;2,52504874069911;2,61113654773099;2,01076838933566;0,01;0,04;0,06;0;0,05;0,06;0,02;0;0,05;0,01;0;0,1;0,11;0,02;0,01;0,03;0,1;0,01;0,01;0,01;0;0,33;0,465988341120916;6,90895247163994;0,0181359737354407;NA;NA;NA
"15-06-2024";NA;0,472016166616729;7,1660997604346;4,49709744278758;2,42079406659417;2,62702110333187;1,99644036560118;0,01;0,03;0,06;0;0,06;0,03;0,02;0;0,06;0,01;0;0,09;0,09;0,02;0,02;0,04;0,1;0,01;0,01;0,01;0;0,025;0,472016166616729;7,1660997604346;0,0169670521124171;NA;NA;NA
"16-06-2024";NA;0,469787218440683;7,53166390645075;4,47732819928668;2,30049436453398;2,58191151390168;1,96744635638101;0,01;0,02;0,05;0;0,05;0,02;0,02;0;0,07;0,01;0;0,1;0,085;0,02;0,02;0,04;0,11;0,01;0,01;0,01;0;0;0,469787218440683;7,53166390645075;0,0156937312575185;NA;NA;NA
"17-06-2024";NA;0,45859647428313;7,94167778390626;4,50729819935664;2,20295544197768;2,50188500493238;1,91659237444469;0,01;0,01;0,04;0;0,05;0,01;0,02;0;0,09;0,01;0;0,11;0,08;0,02;0,04;0,05;0,16;0,01;0,01;0,01;0;0;0,45859647428313;7,94167778390626;0,0147495417436328;NA;NA;NA
"18-06-2024";NA;0,443485089702367;8,25053751503778;4,60501944776777;2,15042646776819;2,37650579472597;1,85978292208046;0,01;0,01;0,04;0,01;0,04;0,01;0,01;0;0,11;0,01;0;0,11;0,08;0,02;0,06;0,05;0,25;0,01;0,02;0,01;0;0;0,443485089702367;8,25053751503778;0,0141484798331703;NA;NA;NA
"19-06-2024";NA;0,427991935143709;8,43831278592824;4,69498167612465;2,15431945395753;2,20301659112618;1,79929583073184;0,01;0,01;0,04;0,01;0,04;0;0,01;0;0,12;0,01;0;0,11;0,07;0,025;0,08;0,06;0,39;0,01;0,02;0,01;0;0;0,427991935143709;8,43831278592824;0,0136659526390106;NA;NA;NA
"20-06-2024";NA;0,415282225261635;8,5340004123156;4,73092689024064;2,19796656521934;2,03681294258693;1,7160008869179;0,01;0,01;0,03;0,02;0,04;0;0,01;0;0,12;0;0;0,09;0,06;0,025;0,09;0,05;0,61;0,01;0,03;0,01;0;0;0,415282225261635;8,5340004123156;0,0132262170747337;NA;NA;NA
"21-06-2024";NA;0,404055739289124;8,56546015994088;4,74301127473005;2,25046268821347;1,91025219552498;1,62511612806614;0,01;0,01;0,03;0,02;0,03;0;0,01;0;0,09;0;0;0,08;0,05;0,02;0,09;0,04;0,86;0,01;0,03;0;0;0;0,404055739289124;8,56546015994088;0,0128939858596594;NA;NA;NA
"22-06-2024";NA;0,388339394216612;8,59325110555643;4,69742225842853;2,30420659129923;1,81300041989787;1,5593246944699;0,01;0;0,03;0,025;0,03;0,01;0;0,01;0,06;0,01;0;0,07;0,04;0,02;0,08;0,04;1,07;0,01;0,02;0;0;0;0,388339394216612;8,59325110555643;0,0127251135950339;NA;NA;NA
"23-06-2024";NA;0,365945091146211;8,64903332839715;4,59757095593863;2,33431375153897;1,74499014625679;1,52528009037294;0,01;0;0,03;0,03;0,03;0,01;0;0,01;0,04;0,01;0;0,06;0,04;0,02;0,07;0,04;1,09;0;0,02;0;0;0;0,365945091146211;8,64903332839715;0,0126626036907103;NA;NA;NA
"24-06-2024";NA;0,340120071902259;8,74396747249222;4,48511931623143;2,30915180033626;1,71085131942767;1,49174722262154;0;0;0,03;0,025;0,02;0,01;0;0,01;0,03;0,01;0;0,06;0,04;0,01;0,06;0,05;0,92;0,01;0,01;0;0;0;0,340120071902259;8,74396747249222;0,0125938206637315;NA;NA;NA
"25-06-2024";NA;0,314695509123134;8,92811159352858;4,355759470938;2,24430608739468;1,71390959037179;1,44392609047548;0;0;0,04;0,02;0,02;0,01;0;0,01;0,02;0,01;0;0,05;0,04;0,01;0,06;0,06;0,72;0,01;0,01;0;0;0;0,314695509123134;8,92811159352858;0,0125759750560204;NA;NA;NA
"26-06-2024";NA;0,293674587021567;9,23551278817028;4,22459148703838;2,18400193018326;1,75089317080644;1,39536677921919;0,01;0;0,04;0,02;0,02;0,01;0;0,01;0,02;0,01;0;0,04;0,04;0,01;0,06;0,08;0,5;0,01;0,01;0,01;0;0;0,293674587021567;9,23551278817028;0,0125100444427217;NA;NA;NA
"27-06-2024";NA;0,28036856377589;9,63378984158737;4,11187228016327;2,1546212668272;1,79669826844197;1,33904101285086;0,01;0;0,05;0,02;0,02;0,02;0;0,01;0,02;0,01;0;0,04;0,04;0,01;0,05;0,1;0,32;0,01;0,01;0,01;0;0;0,28036856377589;9,63378984158737;0,0123515241810257;NA;NA;NA
"28-06-2024";NA;0,273093230408725;10,1554749974305;4,03400980351338;2,16347341861398;1,80885094788949;1,2816066277418;0,01;0;0,05;0,02;0,02;0,02;0;0,01;0,02;0,01;0;0,03;0,04;0,01;0,04;0,1;0,2;0,01;0,01;0,01;0;0;0,273093230408725;10,1554749974305;0,0122321711069255;NA;NA;NA
"29-06-2024";NA;0,266003332062359;10,8484495347477;4,01262591267908;2,20496971982573;1,77145797936695;1,23492776284065;0,01;0;0,06;0,02;0,02;0,02;0;0,01;0,02;0,01;0;0,03;0,04;0,01;0,03;0,1;0,14;0,01;0,01;0,01;0;0;0,266003332062359;10,8484495347477;0,0122777072871528;NA;NA;NA
"30-06-2024";NA;0,259435681406025;11,6271197864464;4,03273008913727;2,26310795555872;1,68397889584998;1,19789333193635;0,01;0;0,07;0,02;0,02;0,02;0;0,01;0,02;0,01;0;0,03;0,03;0,01;0,02;0,09;0,12;0,01;0,01;0,01;0;0;0,259435681406025;11,6271197864464;0,0122972561646873;NA;NA;NA
"01-07-2024";NA;0,256005792770528;12,4025928491982;4,08544013115364;2,33082768170605;1,55544968117709;1,1664239375188;0,01;0;0,09;0,02;0,02;0,02;0;0,015;0,03;0,01;0;0,02;0,03;0,015;0,01;0,08;0,12;0,01;0,01;0,01;0;0;0,256005792770528;12,4025928491982;0,0120952693506069;NA;NA;NA
"02-07-2024";NA;0,254088109770446;13,2312950307734;4,14709732767992;2,43093938244932;1,41630818907546;1,14125663173118;0,02;0;0,11;0,02;0,03;0,02;0;0,02;0,04;0,01;0;0,02;0,02;0,02;0,01;0,06;0,13;0;0,01;0,01;0,01;0;0,254088109770446;13,2312950307734;0,0119032969883306;NA;NA;NA
"03-07-2024";NA;0,254595912505762;14,1335998805811;4,20328210986965;2,57556220382194;1,29403980879579;1,11911028095463;0,02;0;0,14;0,02;0,03;0,02;0;0,03;0,05;0,01;0;0,02;0,02;0,01;0,01;0,05;0,16;0;0,01;0;0,01;0;0,254595912505762;14,1335998805811;0,0119365126808275;NA;NA;NA
"04-07-2024";NA;0,253945192672007;14,9866584017959;4,25146756739009;2,73563513880614;1,21462380294574;1,09492807881148;0,02;0;0,15;0,02;0,03;0,02;0;0,03;0,05;0,01;0;0,03;0,02;0,01;0,01;0,05;0,2;0;0,01;0;0,01;0;0,253945192672007;14,9866584017959;0,0120994768823714;NA;NA;NA
"05-07-2024";NA;0,24825491798245;15,752826623554;4,27341123445701;2,87920549586339;1,18649479181368;1,06952833635314;0,02;0;0,15;0,02;0,03;0,02;0;0,03;0,05;0,01;0;0,03;0,02;0,01;0,02;0,05;0,25;0;0,01;0;0,01;0;0,24825491798245;15,752826623554;0,0122688137964278;NA;NA;NA
"06-07-2024";NA;0,239436200108813;16,3920701947183;4,27223469766521;2,98617919917088;1,19452225429243;1,04468229398269;0,01;0;0,15;0,03;0,03;0,02;0,01;0,03;0,04;0,01;0;0,03;0,03;0,01;0,02;0,07;0,34;0;0,02;0;0,01;0;0,239436200108813;16,3920701947183;0,0124646980924208;NA;NA;NA
"07-07-2024";NA;0,229354953621241;16,7541531852583;4,23754619370311;3,07031046111009;1,22294188294915;1,01926416928382;0,01;0;0,14;0,02;0,03;0,01;0,01;0,03;0,03;0,01;0;0,04;0,035;0,01;0,04;0,1;0,44;0;0,02;0;0;0;0,229354953621241;16,7541531852583;0,0126702738450189;NA;NA;NA
"08-07-2024";NA;0,220114582070462;16,9279461434807;4,16949101009646;3,18923874056165;1,26770630335762;1,00510312071577;0,01;0;0,14;0,02;0,04;0,01;0,01;0,02;0,02;0,01;0;0,04;0,045;0,02;0,06;0,14;0,56;0;0,03;0;0;0;0,220114582070462;16,9279461434807;0,0128826129690088;NA;NA;NA
"09-07-2024";NA;0,21209276509335;16,8695570778406;4,0870495890696;3,34604382810371;1,32396495231927;1,01910415221199;0;0;0,15;0,02;0,04;0;0,01;0,02;0,01;0;0;0,04;0,05;0,02;0,07;0,17;0,68;0;0,04;0;0;0;0,21209276509335;16,8695570778406;0,0129694585431824;NA;NA;NA
"10-07-2024";NA;0,205346615281953;16,3945350957334;4,0115151262201;3,49829343972143;1,37904027308387;1,05194483844326;0;0;0,15;0,02;0,04;0;0,02;0,02;0,01;0;0;0,04;0,05;0,01;0,07;0,17;0,7;0;0,05;0;0;0;0,205346615281953;16,3945350957334;0,0127900374280783;NA;NA;NA
"11-07-2024";NA;0,200215478425311;15,6248695214602;3,96708173977162;3,59587072123118;1,42684888102712;1,10459468486995;0;0;0,15;0,02;0,04;0;0,02;0,02;0,01;0;0;0,03;0,05;0,01;0,06;0,14;0,63;0;0,06;0;0;0;0,200215478425311;15,6248695214602;0,0123705271573098;NA;NA;NA
"12-07-2024";NA;0,196100397430473;14,6729865325402;3,97787758115765;3,61742626411745;1,45353327412809;1,1719593568565;0;0;0,15;0,01;0,04;0;0,02;0,02;0,02;0;0;0,03;0,06;0,01;0,05;0,11;0,48;0;0,05;0;0;0;0,196100397430473;14,6729865325402;0,0117265401392022;NA;NA;NA
"13-07-2024";NA;0,19457991380173;13,5764581737511;4,02933510815753;3,56833728388952;1,43630922270371;1,24760329062895;0;0;0,14;0,01;0,04;0;0,02;0,02;0,02;0;0;0,03;0,06;0,01;0,04;0,07;0,35;0,01;0,05;0;0;0;0,19457991380173;13,5764581737511;NA;0,0109276717716797;NA;NA
"14-07-2024";NA;0,196689073197375;12,3840913850483;4,13227755187944;3,45644761968774;1,39081564044242;1,31294956962032;0;0;0,11;0;0,03;0;0,01;0,02;0,02;0;0;0,03;0,06;0,01;0,04;0,04;0,25;0,01;0,04;0;0,01;0;0,196689073197375;12,3840913850483;NA;0,010149271521686;NA;NA
"15-07-2024";NA;0,202161344627048;11,2241125125158;4,29051406371937;3,29695225711012;1,34543170170471;1,34243427637668;0;0;0,09;0;0,03;0;0,01;0,02;0,02;0;0;0,025;0,06;0,01;0,04;0,02;0,18;0,01;0,03;0;0,01;0;0,202161344627048;11,2241125125158;NA;0,00958638617331604;NA;NA
"16-07-2024";NA;0,208455535374556;10,1954641531375;4,42688950908812;3,1218813683518;1,29785637143719;1,34183334657539;0;0;0,08;0;0,02;0;0,01;0,02;0,03;0;0;0,03;0,06;0,01;0,04;0,01;0,13;0,01;0,03;0;0,02;0;0,208455535374556;10,1954641531375;NA;0,00908508133149174;NA;NA
"17-07-2024";NA;0,213339367223423;9,34928035711801;4,49052457511976;2,94117546830073;1,26505244910256;1,31641318656777;0;0;0,06;0;0,02;0;0,01;0,01;0,03;0;0;0,03;0,05;0,01;0,04;0,01;0,09;0,01;0,03;0;0,02;0;0,213339367223423;9,34928035711801;NA;0,00834197227363276;NA;NA
"18-07-2024";NA;0,217819468572453;8,82716255808319;4,49238912093953;2,77384329885412;1,25709145174529;1,28558945571192;0;0;0,03;0;0,02;0;0,01;0,01;0,03;0;0;0,02;0,04;0,01;0,03;0,01;0,08;0;0,02;0;0,02;0;0,217819468572453;8,82716255808319;NA;0,00735331472882797;NA;NA
"19-07-2024";NA;0,2219891474761;8,6175518522935;4,47037407453051;2,65756968086533;1,26189583976894;1,25999274024554;0;0;0,02;0;0,01;0;0;0,01;0,02;0;0;0,02;0,03;0;0,02;0,01;0,08;0;0,02;0;0,02;0;0,2219891474761;8,6175518522935;NA;0,00629847810708775;NA;NA
"20-07-2024";NA;0,225127613416358;8,56484489739893;4,45767901279525;2,60473923839431;1,27807273737544;1,22982142192957;0;0;0,01;0;0,01;0;0;0;0,01;0;0;0,02;0,025;0;0,02;0,01;0,08;0;0,02;0;0,01;0;0,225127613416358;8,56484489739893;NA;0,00526797273678864;NA;NA
"21-07-2024";NA;0,227004088814896;8,54400893005163;4,50002870046914;2,59861667707676;1,30537106783226;1,18873711943301;0;0;0;0;0,01;0;0;0;0,01;0;0;0,01;0,02;0;0,01;0,01;0,08;0;0,01;0;0,01;0;0,227004088814896;8,54400893005163;NA;0,00429543169812456;NA;NA
"22-07-2024";NA;0,225254435494172;8,40479640070891;4,61935683517298;2,58472260060706;1,34348694796912;1,13287230436929;0;0;0;0,01;0,01;0;0;0;0,01;0;0;0,01;0,02;0;0,01;0,01;0,07;0;0,01;0;0,01;0;0,225254435494172;8,40479640070891;NA;0,0034541750947968;NA;NA
"23-07-2024";NA;0,218470134737069;8,08082358853557;4,78880282221485;2,53918407780234;1,38277380139744;1,0597348658864;0;0;0;0,005;0;0;0;0;0,01;0;0;0,01;0,02;0;0,01;0,01;0,06;0;0,01;0;0;0;0,218470134737069;8,08082358853557;NA;0,00279445972421796;NA;NA
"24-07-2024";NA;0,208371514424452;7,70223943828407;4,96549623946712;2,47160954988076;1,41773180132725;0,984976973803434;0;0;0;0;0;0;0;0,01;0;0;0;0,01;0,02;0;0,01;0;0,04;0;0;0;0;0;0,208371514424452;7,70223943828407;NA;0,00232991268158062;NA;NA
"25-07-2024";NA;0,195153042872737;7,37661152161997;5,10251834851447;2,3950381626325;1,43205054107322;0,917931057131348;0;0;0;0;0;0;0;0,01;0;0;0;0,01;0,02;0;0,01;0;0,04;0;0;0;0;0;0,195153042872737;7,37661152161997;NA;0,00207935592077098;NA;NA
"26-07-2024";NA;0,179538139996293;7,05883243245104;5,1753626426359;2,31854284260707;1,4202107371354;0,865753125912823;NA;NA;NA;NA;NA;NA;NA;NA;NA;NA;NA;NA;NA;NA;NA;NA;NA;NA;NA;NA;NA;NA;0,179538139996293;7,05883243245104;NA;NA;NA;NA
"27-07-2024";NA;0,163945091114228;6,71641490727393;5,20268018718355;2,24691805338943;1,41293841978827;0,835458216390547;NA;NA;NA;NA;NA;NA;NA;NA;NA;NA;NA;NA;NA;NA;NA;NA;NA;NA;NA;NA;NA;NA;0,163945091114228;6,71641490727393;NA;NA;NA;NA
"28-07-2024";NA;0,150231389639155;6,4027833015031;5,23637763353417;2,17449100555158;1,42297371046991;0,817838857902773;NA;NA;NA;NA;NA;NA;NA;NA;NA;NA;NA;NA;NA;NA;NA;NA;NA;NA;NA;NA;NA;NA;0,150231389639155;6,4027833015031;NA;NA;NA;NA
"29-07-2024";NA;0,137786526162602;6,13222536804002;5,27381385888128;2,09671335464953;1,44327820916333;0,8106408156905;NA;NA;NA;NA;NA;NA;NA;NA;NA;NA;NA;NA;NA;NA;NA;NA;NA;NA;NA;NA;NA;NA;0,137786526162602;6,13222536804002;NA;NA;NA;NA
"30-07-2024";NA;0,125980765653147;5,85887334949664;5,31838859991877;2,02539582567945;1,47812054293719;0,818651741361865;NA;NA;NA;NA;NA;NA;NA;NA;NA;NA;NA;NA;NA;NA;NA;NA;NA;NA;NA;NA;NA;NA;0,125980765653147;5,85887334949664;NA;NA;NA;NA
"31-07-2024";NA;0,117063425383154;5,58061284533577;5,42857422883369;1,9704250582927;1,5247796461906;0,835397471007194;NA;NA;NA;NA;NA;NA;NA;NA;NA;NA;NA;NA;NA;NA;NA;NA;NA;NA;NA;NA;NA;NA;0,117063425383154;5,58061284533577;NA;NA;NA;NA
"01-08-2024";NA;0,112339521059156;5,35180762234661;5,62492389355484;1,94941098483431;1,5707947409031;0,845723399369001;NA;NA;NA;NA;NA;NA;NA;NA;NA;NA;NA;NA;NA;NA;NA;NA;NA;NA;NA;NA;NA;NA;0,112339521059156;5,62492389355484;NA;NA;NA;NA
"02-08-2024";NA;0,111852257801515;5,21618759568849;5,89275156157107;1,96796036447822;1,61009697940401;0,84139083376387;NA;NA;NA;NA;NA;NA;NA;NA;NA;NA;NA;NA;NA;NA;NA;NA;NA;NA;NA;NA;NA;NA;0,111852257801515;5,89275156157107;NA;NA;NA;NA
"03-08-2024";NA;0,115855890234153;5,12647720562817;6,17689724350056;2,01509138597573;1,62913868259743;0,819962772702376;NA;NA;NA;NA;NA;NA;NA;NA;NA;NA;NA;NA;NA;NA;NA;NA;NA;NA;NA;NA;NA;NA;0,115855890234153;6,17689724350056;NA;NA;NA;NA
"04-08-2024";NA;0,12415474021091;4,99442766724352;6,37924148469283;2,07175117964569;1,61992164274786;0,777509382522559;NA;NA;NA;NA;NA;NA;NA;NA;NA;NA;NA;NA;NA;NA;NA;NA;NA;NA;NA;NA;NA;NA;0,12415474021091;6,37924148469283;NA;NA;NA;NA
"05-08-2024";NA;0,136379558464245;4,81520089999786;6,48863190348968;2,14136349236689;1,5870988160415;0,720511831163994;NA;NA;NA;NA;NA;NA;NA;NA;NA;NA;NA;NA;NA;NA;NA;NA;NA;NA;NA;NA;NA;NA;0,136379558464245;6,48863190348968;NA;NA;NA;NA
"06-08-2024";NA;0,151295597334255;4,60405751989156;6,4992474650977;2,22183135407966;1,53724372525583;0,664420155415542;NA;NA;NA;NA;NA;NA;NA;NA;NA;NA;NA;NA;NA;NA;NA;NA;NA;NA;NA;NA;NA;NA;0,151295597334255;6,4992474650977;NA;NA;NA;NA
"07-08-2024";NA;0,167093928704742;4,36470525029194;6,37020903579415;2,30053356958385;1,46791385225077;0,623843003214067;NA;NA;NA;NA;NA;NA;NA;NA;NA;NA;NA;NA;NA;NA;NA;NA;NA;NA;NA;NA;NA;NA;0,167093928704742;6,37020903579415;NA;NA;NA;NA
"08-08-2024";NA;0,181949315121611;4,12226571582175;6,13706073470506;2,36680838889454;1,3905244729785;0,611211994173556;NA;NA;NA;NA;NA;NA;NA;NA;NA;NA;NA;NA;NA;NA;NA;NA;NA;NA;NA;NA;NA;NA;0,181949315121611;6,13706073470506;NA;NA;NA;NA
"09-08-2024";NA;0,195679015681281;3,92912549412325;5,88400578793972;2,41540697122242;1,33427383751543;0,628777189578167;NA;NA;NA;NA;NA;NA;NA;NA;NA;NA;NA;NA;NA;NA;NA;NA;NA;NA;NA;NA;NA;NA;0,195679015681281;5,88400578793972;NA;NA;NA;NA
"10-08-2024";NA;0,205809614969193;3,79850113229214;5,62765921267083;2,44972871625971;1,30163248970437;0,670863271085333;NA;NA;NA;NA;NA;NA;NA;NA;NA;NA;NA;NA;NA;NA;NA;NA;NA;NA;NA;NA;NA;NA;0,205809614969193;5,62765921267083;NA;NA;NA;NA
"11-08-2024";NA;0,207571302916166;3,72072510696669;5,3896912737351;2,45881748617191;1,28975396873616;0,729557563007643;NA;NA;NA;NA;NA;NA;NA;NA;NA;NA;NA;NA;NA;NA;NA;NA;NA;NA;NA;NA;NA;NA;0,207571302916166;5,3896912737351;NA;NA;NA;NA
"12-08-2024";NA;0,203225468519317;3,69618747877149;5,20652990048849;2,43746649855969;1,29933139650151;0,80297147382795;NA;NA;NA;NA;NA;NA;NA;NA;NA;NA;NA;NA;NA;NA;NA;NA;NA;NA;NA;NA;NA;NA;0,203225468519317;5,20652990048849;NA;NA;NA;NA
"13-08-2024";NA;0,198942101430936;3,73498402292433;5,07304333835711;2,4000700099786;1,32626327074749;0,884771876460819;NA;NA;NA;NA;NA;NA;NA;NA;NA;NA;NA;NA;NA;NA;NA;NA;NA;NA;NA;NA;NA;NA;0,198942101430936;5,07304333835711;NA;NA;NA;NA
"14-08-2024";NA;0,197461308456232;3,84010253861541;4,90811930538375;2,37483661211413;1,35756893705133;0,964661761859057;NA;NA;NA;NA;NA;NA;NA;NA;NA;NA;NA;NA;NA;NA;NA;NA;NA;NA;NA;NA;NA;NA;0,197461308456232;4,90811930538375;NA;NA;NA;NA
"15-08-2024";NA;0,198112067237073;4,01591384744024;4,65612506359507;2,39356508076182;1,38212397626069;1,0325611379453;NA;NA;NA;NA;NA;NA;NA;NA;NA;NA;NA;NA;NA;NA;NA;NA;NA;NA;NA;NA;NA;NA;0,198112067237073;4,65612506359507;NA;NA;NA;NA
"16-08-2024";NA;0,20105835488701;4,24628638654549;4,3602026379798;2,44264495898222;1,40049933957917;1,06849282478235;NA;NA;NA;NA;NA;NA;NA;NA;NA;NA;NA;NA;NA;NA;NA;NA;NA;NA;NA;NA;NA;NA;0,20105835488701;4,3602026379798;NA;NA;NA;NA
"17-08-2024";NA;0,206585776528131;4,45960956166973;4,10098861230107;2,49404048019762;1,41877885782457;1,07225002975121;NA;NA;NA;NA;NA;NA;NA;NA;NA;NA;NA;NA;NA;NA;NA;NA;NA;NA;NA;NA;NA;NA;0,206585776528131;4,45960956166973;NA;NA;NA;NA
"18-08-2024";NA;0,214420291757405;4,64758021511869;3,9554329396919;2,54086220691518;1,44614358090283;1,05562597344302;NA;NA;NA;NA;NA;NA;NA;NA;NA;NA;NA;NA;NA;NA;NA;NA;NA;NA;NA;NA;NA;NA;0,214420291757405;4,64758021511869;NA;NA;NA;NA
"19-08-2024";NA;0,223290990645399;4,77423583842285;3,93362409955013;2,56998844881386;1,47805785430576;1,02746152421567;NA;NA;NA;NA;NA;NA;NA;NA;NA;NA;NA;NA;NA;NA;NA;NA;NA;NA;NA;NA;NA;NA;0,223290990645399;4,77423583842285;NA;NA;NA;NA
"20-08-2024";NA;0,231734580843736;4,79071744277696;4,00865732622388;2,58741432405598;1,49231155491173;1,00048148990745;NA;NA;NA;NA;NA;NA;NA;NA;NA;NA;NA;NA;NA;NA;NA;NA;NA;NA;NA;NA;NA;NA;0,231734580843736;4,79071744277696;NA;NA;NA;NA
"21-08-2024";NA;0,239956706983607;4,73933564470459;4,15638834825892;2,61512171336743;1,49227537740577;0,982443075753663;NA;NA;NA;NA;NA;NA;NA;NA;NA;NA;NA;NA;NA;NA;NA;NA;NA;NA;NA;NA;NA;NA;0,239956706983607;4,73933564470459;NA;NA;NA;NA
"22-08-2024";NA;0,247810635998787;4,66261160752244;4,33235213349451;2,674374748514;1,51048006527409;0,972296097130037;NA;NA;NA;NA;NA;NA;NA;NA;NA;NA;NA;NA;NA;NA;NA;NA;NA;NA;NA;NA;NA;NA;0,247810635998787;4,66261160752244;NA;NA;NA;NA
"23-08-2024";NA;0,2524870159589;4,57915470354733;4,50915358738752;2,74792853983742;1,56082017852819;0,981011132118738;NA;NA;NA;NA;NA;NA;NA;NA;NA;NA;NA;NA;NA;NA;NA;NA;NA;NA;NA;NA;NA;NA;0,2524870159589;4,57915470354733;NA;NA;NA;NA
"24-08-2024";NA;0,255228692487795;4,49287826280425;4,73380060958927;2,80387504880158;1,64517525631885;1,01855955687494;NA;NA;NA;NA;NA;NA;NA;NA;NA;NA;NA;NA;NA;NA;NA;NA;NA;NA;NA;NA;NA;NA;0,255228692487795;4,73380060958927;NA;NA;NA;NA
"25-08-2024";NA;0,261033694466616;4,40611134883563;5,00809739292482;2,81620266760594;1,74934144513634;1,07783927742519;NA;NA;NA;NA;NA;NA;NA;NA;NA;NA;NA;NA;NA;NA;NA;NA;NA;NA;NA;NA;NA;NA;0,261033694466616;5,00809739292482;NA;NA;NA;NA
"26-08-2024";NA;0,267577246263529;4,32874329444091;5,22897195591114;2,78992016543773;1,84427875191672;1,14807431979674;NA;NA;NA;NA;NA;NA;NA;NA;NA;NA;NA;NA;NA;NA;NA;NA;NA;NA;NA;NA;NA;NA;0,267577246263529;5,22897195591114;NA;NA;NA;NA
"27-08-2024";NA;0,270863872090958;4,30552358687542;5,33367304573481;2,77659662580373;1,90836765903129;1,21863256182931;NA;NA;NA;NA;NA;NA;NA;NA;NA;NA;NA;NA;NA;NA;NA;NA;NA;NA;NA;NA;NA;NA;0,270863872090958;5,33367304573481;NA;NA;NA;NA
"28-08-2024";NA;0,269940526318512;4,34002238724687;5,31125241721958;2,81705382024602;1,94514172875823;1,28463523596367;NA;NA;NA;NA;NA;NA;NA;NA;NA;NA;NA;NA;NA;NA;NA;NA;NA;NA;NA;NA;NA;NA;0,269940526318512;5,31125241721958;NA;NA;NA;NA
"29-08-2024";NA;0,269076823807557;4,42400599067437;5,20911281553295;2,92195360893753;1,99123061539304;1,3542844104478;NA;NA;NA;NA;NA;NA;NA;NA;NA;NA;NA;NA;NA;NA;NA;NA;NA;NA;NA;NA;NA;NA;0,269076823807557;5,20911281553295;NA;NA;NA;NA
"30-08-2024";NA;0,273759570719197;4,52841051552235;5,09884903654064;3,09335921452977;2,06067945829704;1,4255163993065;NA;NA;NA;NA;NA;NA;NA;NA;NA;NA;NA;NA;NA;NA;NA;NA;NA;NA;NA;NA;NA;NA;0,273759570719197;5,09884903654064;NA;NA;NA;NA
"31-08-2024";NA;0,287280417238658;4,63473198143739;4,99225491924288;3,3313414382251;2,14346653460753;1,48348054438432;NA;NA;NA;NA;NA;NA;NA;NA;NA;NA;NA;NA;NA;NA;NA;NA;NA;NA;NA;NA;NA;NA;0,287280417238658;4,99225491924288;NA;NA;NA;NA
"01-09-2024";NA;0,308170021843472;4,72576847389131;4,91482690818188;3,63218587347326;2,23790464794097;1,52411331770839;NA;NA;NA;NA;NA;NA;NA;NA;NA;NA;NA;NA;NA;NA;NA;NA;NA;NA;NA;NA;NA;NA;0,308170021843472;4,91482690818188;NA;NA;NA;NA
"02-09-2024";NA;0,329176930325432;4,75823097938073;4,94550842896217;4,04497683570002;2,32732099097172;1,56233861301031;NA;NA;NA;NA;NA;NA;NA;NA;NA;NA;NA;NA;NA;NA;NA;NA;NA;NA;NA;NA;NA;NA;0,329176930325432;4,94550842896217;NA;NA;NA;NA
"03-09-2024";NA;0,34583196401573;4,75788256621467;5,12036234462329;4,60721108167242;2,39867568035785;1,60004478410078;NA;NA;NA;NA;NA;NA;NA;NA;NA;NA;NA;NA;NA;NA;NA;NA;NA;NA;NA;NA;NA;NA;0,34583196401573;5,12036234462329;NA;NA;NA;NA
"04-09-2024";NA;0,358489338645889;4,75849356508939;5,41174945589256;5,32834678710809;2,47439198339005;1,65574867435565;NA;NA;NA;NA;NA;NA;NA;NA;NA;NA;NA;NA;NA;NA;NA;NA;NA;NA;NA;NA;NA;NA;0,358489338645889;5,41174945589256;NA;NA;NA;NA
"05-09-2024";NA;0,37048850700558;4,75746342443066;5,77443375117895;6,23649326100286;2,57306001397548;1,76059263438471;NA;NA;NA;NA;NA;NA;NA;NA;NA;NA;NA;NA;NA;NA;NA;NA;NA;NA;NA;NA;NA;NA;0,37048850700558;6,23649326100286;NA;NA;NA;NA
"06-09-2024";NA;0,385389736940259;4,72079950390308;6,18830742636403;7,35499847201998;2,70369132641956;1,9447634741802;NA;NA;NA;NA;NA;NA;NA;NA;NA;NA;NA;NA;NA;NA;NA;NA;NA;NA;NA;NA;NA;NA;0,385389736940259;7,35499847201998;NA;NA;NA;NA
"07-09-2024";NA;0,401212699087988;4,67665942541086;6,58840638570039;8,57256907697555;2,84883683622738;2,2118661029634;NA;NA;NA;NA;NA;NA;NA;NA;NA;NA;NA;NA;NA;NA;NA;NA;NA;NA;NA;NA;NA;NA;0,401212699087988;8,57256907697555;NA;NA;NA;NA
"08-09-2024";NA;0,413742770082733;4,72274823214299;6,9525013399202;9,74497866309828;2,99968456985444;2,55156454126004;NA;NA;NA;NA;NA;NA;NA;NA;NA;NA;NA;NA;NA;NA;NA;NA;NA;NA;NA;NA;NA;NA;0,413742770082733;9,74497866309828;NA;NA;NA;NA
"09-09-2024";NA;0,425298142230996;4,91207816705659;7,29339928121809;10,8693256579555;3,15891139138093;2,95904396286871;NA;NA;NA;NA;NA;NA;NA;NA;NA;NA;NA;NA;NA;NA;NA;NA;NA;NA;NA;NA;NA;NA;0,425298142230996;10,8693256579555;NA;NA;NA;NA
"10-09-2024";NA;0,438851814108112;5,22844052302722;7,51582037742547;11,9362119789178;3,31940899783192;3,39345613133896;NA;NA;NA;NA;NA;NA;NA;NA;NA;NA;NA;NA;NA;NA;NA;NA;NA;NA;NA;NA;NA;NA;0,438851814108112;11,9362119789178;NA;NA;NA;NA
"11-09-2024";NA;0,455623814633416;5,63941091009265;7,53412889916262;12,8551578178956;3,48827758716976;3,78084331394089;NA;NA;NA;NA;NA;NA;NA;NA;NA;NA;NA;NA;NA;NA;NA;NA;NA;NA;NA;NA;NA;NA;0,455623814633416;12,8551578178956;NA;NA;NA;NA
"12-09-2024";NA;0,477217031876813;6,12326012637511;7,37650606906501;13,5930794966854;3,64958171800976;4,03657996850177;NA;NA;NA;NA;NA;NA;NA;NA;NA;NA;NA;NA;NA;NA;NA;NA;NA;NA;NA;NA;NA;NA;0,477217031876813;13,5930794966854;NA;NA;NA;NA
"13-09-2024";NA;0,500342541106315;6,6698185441417;7,11297655614398;14,1453604975797;3,80502280846369;4,11554118746336;NA;NA;NA;NA;NA;NA;NA;NA;NA;NA;NA;NA;NA;NA;NA;NA;NA;NA;NA;NA;NA;NA;0,500342541106315;14,1453604975797;NA;NA;NA;NA
"14-09-2024";NA;0,517248759850213;7,2342900799104;6,85138501530399;14,4172875546589;4,02763744457133;4,04835025080317;NA;NA;NA;NA;NA;NA;NA;NA;NA;NA;NA;NA;NA;NA;NA;NA;NA;NA;NA;NA;NA;NA;0,517248759850213;14,4172875546589;NA;NA;NA;NA
"15-09-2024";NA;0,525384849257554;7,73399745106071;6,70845593092381;14,5012940941297;4,30379613375925;3,91143202229602;NA;NA;NA;NA;NA;NA;NA;NA;NA;NA;NA;NA;NA;NA;NA;NA;NA;NA;NA;NA;NA;NA;0,525384849257554;14,5012940941297;NA;NA;NA;NA
"16-09-2024";NA;0,533378426013066;8,14369885645834;6,67142771260334;14,5459106111298;4,54550732104909;3,76829340366952;NA;NA;NA;NA;NA;NA;NA;NA;NA;NA;NA;NA;NA;NA;NA;NA;NA;NA;NA;NA;NA;NA;0,533378426013066;14,5459106111298;NA;NA;NA;NA
"17-09-2024";NA;0,545859433316951;8,45757576359795;6,70792740934325;14,5213703363768;4,76696737351062;3,6495319505108;NA;NA;NA;NA;NA;NA;NA;NA;NA;NA;NA;NA;NA;NA;NA;NA;NA;NA;NA;NA;NA;NA;0,545859433316951;14,5213703363768;NA;NA;NA;NA
"18-09-2024";NA;0,561898727057439;8,66239706585627;6,80179256985289;14,4311706156767;5,00433679026064;3,56861396539901;NA;NA;NA;NA;NA;NA;NA;NA;NA;NA;NA;NA;NA;NA;NA;NA;NA;NA;NA;NA;NA;NA;0,561898727057439;14,4311706156767;NA;NA;NA;NA
"19-09-2024";NA;0,578212117333032;8,73589863815086;6,95981565228531;14,2674227374623;5,23353650946207;3,55464051147625;NA;NA;NA;NA;NA;NA;NA;NA;NA;NA;NA;NA;NA;NA;NA;NA;NA;NA;NA;NA;NA;NA;0,578212117333032;14,2674227374623;NA;NA;NA;NA
"20-09-2024";NA;0,587991856219514;8,75539750822193;7,2089382825048;14,0370464822539;5,45130280591477;3,61049105150235;NA;NA;NA;NA;NA;NA;NA;NA;NA;NA;NA;NA;NA;NA;NA;NA;NA;NA;NA;NA;NA;NA;0,587991856219514;14,0370464822539;NA;NA;NA;NA
"21-09-2024";NA;0,591358293773223;8,84953300301371;7,58667101916182;13,7922686503746;5,65326463259261;3,69401774174044;NA;NA;NA;NA;NA;NA;NA;NA;NA;NA;NA;NA;NA;NA;NA;NA;NA;NA;NA;NA;NA;NA;0,591358293773223;13,7922686503746;NA;NA;NA;NA
"22-09-2024";NA;0,592891227555715;9,04442329188181;8,08364410993743;13,6464936876023;5,77380112550436;3,7888244618947;NA;NA;NA;NA;NA;NA;NA;NA;NA;NA;NA;NA;NA;NA;NA;NA;NA;NA;NA;NA;NA;NA;0,592891227555715;13,6464936876023;NA;NA;NA;NA
"23-09-2024";NA;0,59000701365357;9,33578898476702;8,65405066937786;13,7172719485323;5,75726245248477;3,85284976226416;NA;NA;NA;NA;NA;NA;NA;NA;NA;NA;NA;NA;NA;NA;NA;NA;NA;NA;NA;NA;NA;NA;0,59000701365357;13,7172719485323;NA;NA;NA;NA
"24-09-2024";NA;0,581063419228093;9,75137637057423;9,2480016098867;13,8538483939471;5,61145822946836;3,86226534786989;NA;NA;NA;NA;NA;NA;NA;NA;NA;NA;NA;NA;NA;NA;NA;NA;NA;NA;NA;NA;NA;NA;0,581063419228093;13,8538483939471;NA;NA;NA;NA
"25-09-2024";NA;0,570907313999063;10,3075233779338;9,78748618404043;13,9441052251196;5,41844101820434;3,86351263350832;NA;NA;NA;NA;NA;NA;NA;NA;NA;NA;NA;NA;NA;NA;NA;NA;NA;NA;NA;NA;NA;NA;0,570907313999063;13,9441052251196;NA;NA;NA;NA
"26-09-2024";NA;0,557246684095304;10,9516681911238;10,2169353045192;14,0376307831289;5,27512638900101;3,95159413321668;NA;NA;NA;NA;NA;NA;NA;NA;NA;NA;NA;NA;NA;NA;NA;NA;NA;NA;NA;NA;NA;NA;0,557246684095304;14,0376307831289;NA;NA;NA;NA
"27-09-2024";NA;0,54521983049382;11,7412523303873;10,5026617670043;14,1813490126474;5,20836537442679;4,18075499327344;NA;NA;NA;NA;NA;NA;NA;NA;NA;NA;NA;NA;NA;NA;NA;NA;NA;NA;NA;NA;NA;NA;0,54521983049382;14,1813490126474;NA;NA;NA;NA
"28-09-2024";NA;0,542107881790816;12,8397637436886;10,6564056466468;14,4220416095967;5,16804555047411;4,33431138705114;NA;NA;NA;NA;NA;NA;NA;NA;NA;NA;NA;NA;NA;NA;NA;NA;NA;NA;NA;NA;NA;NA;0,542107881790816;14,4220416095967;NA;NA;NA;NA
"29-09-2024";NA;0,540260121511303;14,2775851927257;10,8483094531877;14,7270359453652;5,12233875339463;4,25939947535225;NA;NA;NA;NA;NA;NA;NA;NA;NA;NA;NA;NA;NA;NA;NA;NA;NA;NA;NA;NA;NA;NA;0,540260121511303;14,7270359453652;NA;NA;NA;NA
"30-09-2024";NA;0,530436736182783;15,9448075525237;11,2859005846107;15,0365571982229;5,10967698170501;4,01924395088438;NA;NA;NA;NA;NA;NA;NA;NA;NA;NA;NA;NA;NA;NA;NA;NA;NA;NA;NA;NA;NA;NA;0,530436736182783;15,9448075525237;NA;NA;NA;NA
"01-10-2024";NA;0,511498274915234;17,6334864207561;11,9333411620524;15,2778709149122;5,13710151564207;3,68577794453408;NA;NA;NA;NA;NA;NA;NA;NA;NA;NA;NA;NA;NA;NA;NA;NA;NA;NA;NA;NA;NA;NA;0,511498274915234;17,6334864207561;NA;NA;NA;NA
"02-10-2024";NA;0,489610170015631;19,1141624580629;12,6940893879499;15,4514248615743;5,23636385450815;3,35714980023801;NA;NA;NA;NA;NA;NA;NA;NA;NA;NA;NA;NA;NA;NA;NA;NA;NA;NA;NA;NA;NA;NA;0,489610170015631;19,1141624580629;NA;NA;NA;NA
"03-10-2024";NA;0,473322980043926;20,1944454358539;13,5093139506425;15,6282838527126;5,46365486372296;3,11520307177988;NA;NA;NA;NA;NA;NA;NA;NA;NA;NA;NA;NA;NA;NA;NA;NA;NA;NA;NA;NA;NA;NA;0,473322980043926;20,1944454358539;NA;NA;NA;NA
"04-10-2024";NA;0,466457366811024;20,8023068732341;14,2934166484375;15,8410075830975;5,79016711036949;2,96136619980308;NA;NA;NA;NA;NA;NA;NA;NA;NA;NA;NA;NA;NA;NA;NA;NA;NA;NA;NA;NA;NA;NA;0,466457366811024;20,8023068732341;NA;NA;NA;NA
"05-10-2024";NA;0,46404954055305;20,8301106846687;15,0258702369654;16,0870079442597;6,11092377444242;2,87492574631747;NA;NA;NA;NA;NA;NA;NA;NA;NA;NA;NA;NA;NA;NA;NA;NA;NA;NA;NA;NA;NA;NA;0,46404954055305;20,8301106846687;NA;NA;NA;NA
"06-10-2024";NA;0,459499102812367;20,337228094666;15,8216228942319;16,421874131814;6,40141963369582;2,84830013255968;NA;NA;NA;NA;NA;NA;NA;NA;NA;NA;NA;NA;NA;NA;NA;NA;NA;NA;NA;NA;NA;NA;0,459499102812367;20,337228094666;NA;NA;NA;NA
"07-10-2024";NA;0,44878988688549;19,6775049751154;16,5863545922101;16,0237159729645;6,68041247255967;2,88512954439543;NA;NA;NA;NA;NA;NA;NA;NA;NA;NA;NA;NA;NA;NA;NA;NA;NA;NA;NA;NA;NA;NA;0,44878988688549;19,6775049751154;NA;NA;NA;NA
"08-10-2024";NA;0,431307468832124;19,0670165623437;16,9886683263779;14,3150298280141;6,92214803154673;3,02344628484236;NA;NA;NA;NA;NA;NA;NA;NA;NA;NA;NA;NA;NA;NA;NA;NA;NA;NA;NA;NA;NA;NA;0,431307468832124;19,0670165623437;NA;NA;NA;NA
"09-10-2024";NA;0,411232352685911;18,6441513625453;16,9149254812729;12,0265912488636;7,00272746697651;3,26487787193939;NA;NA;NA;NA;NA;NA;NA;NA;NA;NA;NA;NA;NA;NA;NA;NA;NA;NA;NA;NA;NA;NA;0,411232352685911;18,6441513625453;NA;NA;NA;NA
"10-10-2024";NA;0,394110400449661;18,5870898113064;16,5737825652424;9,89839019861512;6,84333250483228;3,52538645834496;NA;NA;NA;NA;NA;NA;NA;NA;NA;NA;NA;NA;NA;NA;NA;NA;NA;NA;NA;NA;NA;NA;0,394110400449661;18,5870898113064;NA;NA;NA;NA
"11-10-2024";NA;0,378789654155337;18,8310044868534;16,1898571443025;8,29235251089645;6,49545672478388;3,64405623433229;NA;NA;NA;NA;NA;NA;NA;NA;NA;NA;NA;NA;NA;NA;NA;NA;NA;NA;NA;NA;NA;NA;0,378789654155337;18,8310044868534;NA;NA;NA;NA
"12-10-2024";NA;0,3598810442293;18,8778238336918;16,0145705824231;7,2687246336433;5,97751370449377;3,63062933915536;NA;NA;NA;NA;NA;NA;NA;NA;NA;NA;NA;NA;NA;NA;NA;NA;NA;NA;NA;NA;NA;NA;0,3598810442293;18,8778238336918;NA;NA;NA;NA
"13-10-2024";NA;0,336814892233896;18,2354528060681;16,2062132717292;6,77072925176766;5,37025813372681;3,60781524194048;NA;NA;NA;NA;NA;NA;NA;NA;NA;NA;NA;NA;NA;NA;NA;NA;NA;NA;NA;NA;NA;NA;0,336814892233896;18,2354528060681;NA;NA;NA;NA
"14-10-2024";NA;0,310721958238579;16,7447431649339;16,5745814180119;6,67924204503611;4,82371530604953;3,59228995019399;NA;NA;NA;NA;NA;NA;NA;NA;NA;NA;NA;NA;NA;NA;NA;NA;NA;NA;NA;NA;NA;NA;0,310721958238579;16,7447431649339;NA;NA;NA;NA
"15-10-2024";NA;0,284641987240684;14,6556670576795;16,968626033754;6,93256969200816;4,41088916441272;3,62821606843892;NA;NA;NA;NA;NA;NA;NA;NA;NA;NA;NA;NA;NA;NA;NA;NA;NA;NA;NA;NA;NA;NA;0,284641987240684;16,968626033754;NA;NA;NA;NA
"16-10-2024";NA;0,265194341992148;12,4535714206186;16,9459339761917;7,55804212326131;4,11579050487881;3,69078448667487;NA;NA;NA;NA;NA;NA;NA;NA;NA;NA;NA;NA;NA;NA;NA;NA;NA;NA;NA;NA;NA;NA;0,265194341992148;16,9459339761917;NA;NA;NA;NA
"17-10-2024";NA;0,249378106881126;10,5647425898434;16,2796578373277;8,63517414631099;3,92192845422711;3,68014689104034;NA;NA;NA;NA;NA;NA;NA;NA;NA;NA;NA;NA;NA;NA;NA;NA;NA;NA;NA;NA;NA;NA;0,249378106881126;16,2796578373277;NA;NA;NA;NA
"18-10-2024";NA;0,232161183767822;9,08501232461397;15,3333886916516;10,2668600561138;3,79262958646295;3,56267964835562;NA;NA;NA;NA;NA;NA;NA;NA;NA;NA;NA;NA;NA;NA;NA;NA;NA;NA;NA;NA;NA;NA;0,232161183767822;15,3333886916516;NA;NA;NA;NA
"19-10-2024";NA;0,2166574492345;8,00467943486064;14,2979512507025;12,466295240573;3,70394851708835;3,4087087165607;NA;NA;NA;NA;NA;NA;NA;NA;NA;NA;NA;NA;NA;NA;NA;NA;NA;NA;NA;NA;NA;NA;0,2166574492345;14,2979512507025;NA;NA;NA;NA
"20-10-2024";NA;0,202981023792215;7,30928331447475;13,0747371947515;14,7368615499928;3,65064823320799;3,25976058042055;NA;NA;NA;NA;NA;NA;NA;NA;NA;NA;NA;NA;NA;NA;NA;NA;NA;NA;NA;NA;NA;NA;0,202981023792215;14,7368615499928;NA;NA;NA;NA
"21-10-2024";NA;0,18872377906778;6,84091494692395;11,6500152176457;16,5220908919132;3,61948097540499;3,13248039965601;NA;NA;NA;NA;NA;NA;NA;NA;NA;NA;NA;NA;NA;NA;NA;NA;NA;NA;NA;NA;NA;NA;0,18872377906778;16,5220908919132;NA;NA;NA;NA
"22-10-2024";NA;0,174698718292708;6,4800800616698;10,231014752514;18,0008263335319;3,61102407385161;3,03860291948006;NA;NA;NA;NA;NA;NA;NA;NA;NA;NA;NA;NA;NA;NA;NA;NA;NA;NA;NA;NA;NA;NA;0,174698718292708;18,0008263335319;NA;NA;NA;NA
"23-10-2024";NA;0,163963644913304;6,20244311667346;8,94254281944545;19,1337312853416;3,63866539487153;2,96669332402832;NA;NA;NA;NA;NA;NA;NA;NA;NA;NA;NA;NA;NA;NA;NA;NA;NA;NA;NA;NA;NA;NA;0,163963644913304;19,1337312853416;NA;NA;NA;NA
"24-10-2024";NA;0,156341749255562;6,05560570120419;7,85256064890729;19,973959662479;3,71329488373864;2,93242290543444;NA;NA;NA;NA;NA;NA;NA;NA;NA;NA;NA;NA;NA;NA;NA;NA;NA;NA;NA;NA;NA;NA;0,156341749255562;19,973959662479;NA;NA;NA;NA
"25-10-2024";NA;0,150270590680968;6,00450582541477;7,11188214848964;20,735141287114;3,76081015641643;2,94006816920989;NA;NA;NA;NA;NA;NA;NA;NA;NA;NA;NA;NA;NA;NA;NA;NA;NA;NA;NA;NA;NA;NA;0,150270590680968;20,735141287114;NA;NA;NA;NA
"26-10-2024";NA;0,14505488070248;5,9720148577392;6,74183931463713;21,4029691504104;3,77187588668402;2,9890788480739;NA;NA;NA;NA;NA;NA;NA;NA;NA;NA;NA;NA;NA;NA;NA;NA;NA;NA;NA;NA;NA;NA;0,14505488070248;21,4029691504104;NA;NA;NA;NA
"27-10-2024";NA;0,138587908558547;5,96839068119838;6,61596951258359;21,8567132214865;3,76312378757847;3,07136322766465;NA;NA;NA;NA;NA;NA;NA;NA;NA;NA;NA;NA;NA;NA;NA;NA;NA;NA;NA;NA;NA;NA;0,138587908558547;21,8567132214865;NA;NA;NA;NA
"28-10-2024";NA;0,129242546061489;6,00276703877433;6,66165672452481;22,1806976790584;3,72900915494787;3,15381322202824;NA;NA;NA;NA;NA;NA;NA;NA;NA;NA;NA;NA;NA;NA;NA;NA;NA;NA;NA;NA;NA;NA;0,129242546061489;22,1806976790584;NA;NA;NA;NA
"29-10-2024";NA;0,117832974925946;6,02843211801466;6,79498542100625;22,6896914361341;3,64966949847317;3,21251822120381;NA;NA;NA;NA;NA;NA;NA;NA;NA;NA;NA;NA;NA;NA;NA;NA;NA;NA;NA;NA;NA;NA;0,117832974925946;22,6896914361341;NA;NA;NA;NA
"30-10-2024";NA;0,106642250696656;6,03072769120629;7,06860796952116;23,5054938712397;3,54200762903526;3,23388963991791;NA;NA;NA;NA;NA;NA;NA;NA;NA;NA;NA;NA;NA;NA;NA;NA;NA;NA;NA;NA;NA;NA;0,106642250696656;23,5054938712397;NA;NA;NA;NA
"31-10-2024";NA;0,0997500986700399;6,05050646446687;7,60634684476243;24,4896915746009;3,44194795208156;3,2688513558819;NA;NA;NA;NA;NA;NA;NA;NA;NA;NA;NA;NA;NA;NA;NA;NA;NA;NA;NA;NA;NA;NA;0,0997500986700399;24,4896915746009;NA;NA;NA;NA
