"PERIODE";"IAS_brut";"IAS_lissé";"Incidence_Sentinelles"
2018-05-01;83,6;1,2;0,7
2018-05-02;0,9;1,2;0,7
2018-05-03;0,8;1,2;0,7
2018-05-04;2,4;1,2;0,7
2018-05-05;1,4;1,2;0,7
2018-05-06;7;1,2;0,7
2018-05-07;0,6;1,2;0,3
2018-05-08;1,8;1,2;0,3
2018-05-09;1,8;1,2;0,3
2018-05-10;48,8;1,1;0,3
2018-05-11;0,8;1,1;0,3
2018-05-12;0,9;1,2;0,3
2018-05-13;56,4;1,3;0,3
2018-05-14;0,9;1,3;0,6
2018-05-15;0,7;1,4;0,6
2018-05-16;3,1;1,5;0,6
2018-05-17;2,3;1,6;0,6
2018-05-18;2,8;1,7;0,6
2018-05-19;0,5;1,7;0,6
2018-05-20;82,3;1,8;0,6
2018-05-21;15;1,7;0,6
2018-05-22;1,5;1,7;0,6
2018-05-23;1,9;1,6;0,6
2018-05-24;1,8;1,5;0,6
2018-05-25;1,3;1,4;0,6
2018-05-26;1;1,4;0,6
2018-05-27;66,3;1,3;0,6
2018-05-28;1,1;1,3;1
2018-05-29;0,9;1,3;1
2018-05-30;1,4;1,4;1
2018-05-31;1,4;1,5;1
2018-06-01;1,7;1,6;1
2018-06-02;1,4;1,8;1
2018-06-03;14,9;2;1
2018-06-04;2,9;2,2;0,3
2018-06-05;2,4;2,3;0,3
2018-06-06;3,1;2,3;0,3
2018-06-07;1,8;2,3;0,3
2018-06-08;2,6;2,3;0,3
2018-06-09;1,1;2,2;0,3
2018-06-10;16,2;2,1;0,3
2018-06-11;3,1;2;0,7
2018-06-12;1,8;2;0,7
2018-06-13;1;2;0,7
2018-06-14;1,4;2;0,7
2018-06-15;2,3;2;0,7
2018-06-16;4,5;2;0,7
2018-06-17;21,8;1,9;0,7
2018-06-18;1,8;1,9;1
2018-06-19;2;1,8;1
2018-06-20;0,8;1,7;1
2018-06-21;2,2;1,6;1
2018-06-22;1,9;1,6;1
2018-06-23;0,6;1,5;1
2018-06-24;135,2;1,5;1
2018-06-25;1,8;1,4;0,9
2018-06-26;1,1;1,4;0,9
2018-06-27;1,8;1,3;0,9
2018-06-28;1,8;1,3;0,9
2018-06-29;1,2;1,2;0,9
2018-06-30;0,3;1,2;0,9
2018-07-01;26,6;1,2;0,9
2018-07-02;1,5;1,1;0,7
2018-07-03;0,8;1,1;0,7
2018-07-04;1,5;1,1;0,7
2018-07-05;1,1;1,1;0,7
2018-07-06;2,1;1;0,7
2018-07-07;0,2;1;0,7
2018-07-08;5,9;1;0,7
2018-07-09;0,8;1;0,4
2018-07-10;0,8;1,1;0,4
2018-07-11;0,9;1,1;0,4
2018-07-12;2,3;1,2;0,4
2018-07-13;1,1;1,2;0,4
2018-07-14;86,5;1,3;0,4
2018-07-15;79;1,3;0,4
2018-07-16;0,8;1,3;0,4
2018-07-17;1,9;1,3;0,4
2018-07-18;0,6;1,3;0,4
2018-07-19;2,7;1,3;0,4
2018-07-20;0,8;1,2;0,4
2018-07-21;0,9;1,2;0,4
2018-07-22;22,6;1,1;0,4
2018-07-23;1,5;1,1;0,4
2018-07-24;1,4;1;0,4
2018-07-25;0,7;0,9;0,4
2018-07-26;0,5;0,9;0,4
2018-07-27;0,8;0,8;0,4
2018-07-28;0,4;0,8;0,4
2018-07-29;18,4;0,8;0,4
2018-07-30;0,8;0,8;0,4
2018-07-31;1;0,8;0,4
2018-08-01;0,7;0,8;0,4
2018-08-02;1,5;0,8;0,4
2018-08-03;0,6;0,8;0,4
2018-08-04;0,6;0,8;0,4
2018-08-05;194,6;0,7;0,4
2018-08-06;0,4;0,7;0,4
2018-08-07;1;0,6;0,4
2018-08-08;0,6;0,6;0,4
2018-08-09;0,5;0,6;0,4
2018-08-10;0,3;0,7;0,4
2018-08-11;0,7;0,7;0,4
2018-08-12;1,4;0,8;0,4
2018-08-13;1,4;0,9;0,4
2018-08-14;1,3;1;0,4
2018-08-15;13,9;1;0,4
2018-08-16;0,9;1,1;0,4
2018-08-17;0,9;1,1;0,4
2018-08-18;0,9;1,1;0,4
2018-08-19;220,7;1;0,4
2018-08-20;0,8;1;0,3
2018-08-21;1,3;1;0,3
2018-08-22;0,8;1;0,3
2018-08-23;1,6;1;0,3
2018-08-24;0,5;1;0,3
2018-08-25;0,5;1,1;0,3
2018-08-26;95;1,1;0,3
2018-08-27;1,1;1,2;0,3
2018-08-28;1,2;1,3;0,3
2018-08-29;2,8;1,4;0,3
2018-08-30;1,7;1,4;0,3
2018-08-31;0,9;1,5;0,3
2018-09-01;1;1,5;0,3
2018-09-02;3,9;1,6;0,3
2018-09-03;1,5;1,6;0,7
2018-09-04;2,4;1,7;0,7
2018-09-05;1,5;1,8;0,7
2018-09-06;1,7;1,9;0,7
2018-09-07;1,8;2,2;0,7
2018-09-08;1,5;2,6;0,7
2018-09-09;23,8;3;0,7
2018-09-10;4,2;3,4;1
2018-09-11;2,8;3,8;1
2018-09-12;10,6;4;1
2018-09-13;3,9;4,1;1
2018-09-14;4;4;1
2018-09-15;3;3,9;1
2018-09-16;81,3;3,8;1
2018-09-17;2,5;3,6;1,3
2018-09-18;2,9;3,6;1,3
2018-09-19;4;3,6;1,3
2018-09-20;4;3,6;1,3
2018-09-21;5,1;3,7;1,3
2018-09-22;2,4;3,8;1,3
2018-09-23;79,4;3,9;1,3
2018-09-24;3,5;3,9;1,6
2018-09-25;3,5;3,9;1,6
2018-09-26;5;4;1,6
2018-09-27;4,1;4,2;1,6
2018-09-28;4,1;4,3;1,6
2018-09-29;1,6;4,3;1,6
2018-09-30;150,7;4;1,6
2018-10-01;7,1;3,7;1,6
2018-10-02;9,6;3,4;1,6
2018-10-03;8,2;3,1;1,6
2018-10-04;0;3;1,6
2018-10-05;5,1;2,9;1,6
2018-10-06;1,6;2,8;1,6
2018-10-07;45,9;2,9;1,6
2018-10-08;5,8;3;1,7
2018-10-09;4,6;3,3;1,7
2018-10-10;2,3;3,5;1,7
2018-10-11;3,5;3,6;1,7
2018-10-12;3,4;3,6;1,7
2018-10-13;2,3;3,6;1,7
2018-10-14;948,8;3,6;1,7
2018-10-15;3,4;3,6;1,7
2018-10-16;4;3,7;1,7
2018-10-17;4,2;3,7;1,7
2018-10-18;2,9;3,6;1,7
2018-10-19;3,7;3,4;1,7
2018-10-20;4,3;3,3;1,7
2018-10-21;110,4;3,1;1,7
2018-10-22;3;3;1,4
2018-10-23;1,2;3;1,4
2018-10-24;2,8;2,9;1,4
2018-10-25;5,5;2,9;1,4
2018-10-26;3,1;3;1,4
2018-10-27;2,5;3,1;1,4
2018-10-28;33,5;3,2;1,4
2018-10-29;2;3,2;1,7
2018-10-30;4,8;3,2;1,7
2018-10-31;2,8;3,3;1,7
2018-11-01;603,6;3,4;1,7
2018-11-02;2,2;3,5;1,7
2018-11-03;3;3,6;1,7
2018-11-04;71,7;3,8;1,7
2018-11-05;4,2;3,8;2,4
2018-11-06;5;3,9;2,4
2018-11-07;2,5;3,9;2,4
2018-11-08;5;3,9;2,4
2018-11-09;5;4;2,4
2018-11-10;2,2;4;2,4
2018-11-11;67,8;4,1;2,4
2018-11-12;3,5;4,1;2,4
2018-11-13;3,1;4,2;2,4
2018-11-14;8,2;4,4;2,4
2018-11-15;4,7;4,6;2,4
2018-11-16;3,4;5;2,4
2018-11-17;3,4;5,3;2,4
2018-11-18;260,7;5,5;2,4
2018-11-19;8,1;5,5;3,6
2018-11-20;6,5;5,6;3,6
2018-11-21;6,2;5,6;3,6
2018-11-22;6,6;5,7;3,6
2018-11-23;2,5;5,8;3,6
2018-11-24;3,8;6;3,6
2018-11-25;105,2;6,2;3,6
2018-11-26;7,5;6,6;4,3
2018-11-27;7,2;6,9;4,3
2018-11-28;9,1;7,3;4,3
2018-11-29;8,9;7,6;4,3
2018-11-30;8,3;7,8;4,3
2018-12-01;3,4;8;4,3
2018-12-02;2;8,4;4,3
2018-12-03;10;8,8;4,6
2018-12-04;6,3;9,3;4,6
2018-12-05;9,1;9,7;4,6
2018-12-06;17,8;10,2;4,6
2018-12-07;12,1;10,5;4,6
2018-12-08;8,7;10,6;4,6
2018-12-09;23,6;10,6;4,6
2018-12-10;11,3;10,4;NA
2018-12-11;8,6;10,2;NA
2018-12-12;11,7;10,2;NA
2018-12-13;9,3;10,4;NA
2018-12-14;7,4;10,6;NA
2018-12-15;10,6;10,7;NA
2018-12-16;582,3;10,7;NA
2018-12-17;15,3;10,5;NA
2018-12-18;13,7;10,2;NA
2018-12-19;7,7;9,8;NA
2018-12-20;8,5;9,5;NA
2018-12-21;7,1;9,2;NA
2018-12-22;5,9;9,1;NA
2018-12-23;64,1;9,1;NA
2018-12-24;8,3;9,4;NA
2018-12-25;67,3;9,8;NA
2018-12-26;16,4;10,4;NA
2018-12-27;9,4;10,9;NA
2018-12-28;12,7;11,4;NA
2018-12-29;4,9;11,8;NA
2018-12-30;106,9;12,2;NA
2018-12-31;13,5;12,7;NA
2019-01-01;6725,4;13,5;NA
2019-01-02;11,9;14,8;NA
2019-01-03;11,8;16,7;NA
2019-01-04;19,2;18,9;NA
2019-01-05;9,7;21;NA
2019-01-06;3271,8;23;NA
2019-01-07;31,9;25,1;NA
2019-01-08;33;27,4;NA
2019-01-09;34,3;30,4;NA
2019-01-10;23,9;33,7;NA
2019-01-11;26,6;37,3;NA
2019-01-12;30,2;41,1;NA
2019-01-13;2615;45;NA
2019-01-14;71,6;49;NA
2019-01-15;74,8;53,3;NA
2019-01-16;52,1;58,4;NA
2019-01-17;44,7;64,7;NA
2019-01-18;52,6;72;NA
2019-01-19;42,6;80,9;NA
2019-01-20;15576,6;91,5;NA
2019-01-21;120,1;103,1;NA
2019-01-22;163,5;117,6;NA
2019-01-23;132,2;138,5;NA
2019-01-24;134,9;165,3;NA
2019-01-25;126,7;196,5;NA
2019-01-26;84,1;230,5;NA
2019-01-27;2737,1;265,4;NA
2019-01-28;744,6;296,9;NA
2019-01-29;466,5;325,2;NA
2019-01-30;279,6;353,6;NA
2019-01-31;350,3;378,9;NA
2019-02-01;244,4;398,6;NA
2019-02-02;164,6;413,4;NA
2019-02-03;3372,4;425,1;NA
2019-02-04;926,6;437,2;NA
2019-02-05;558,5;451,5;NA
2019-02-06;416,6;464,3;NA
2019-02-07;488;469,2;NA
2019-02-08;358,1;461;NA
2019-02-09;145,7;436,4;NA
2019-02-10;13063,3;399,8;NA
2019-02-11;822,7;362,7;NA
2019-02-12;491,2;329,7;NA
2019-02-13;261,4;298,4;NA
2019-02-14;236,4;266,7;NA
2019-02-15;98,9;233,6;NA
2019-02-16;84,4;198,9;NA
2019-02-17;1608,7;165,3;NA
2019-02-18;307,6;139,1;NA
2019-02-19;195,9;120,7;NA
2019-02-20;71,7;105,1;NA
2019-02-21;86,3;90,1;NA
2019-02-22;51,2;75,3;NA
2019-02-23;18,8;61,1;NA
2019-02-24;369,4;49,2;NA
2019-02-25;69,5;40,8;NA
2019-02-26;37,6;35,6;NA
2019-02-27;33;31,9;NA
2019-02-28;21,6;28,7;NA
2019-03-01;23,3;25,9;NA
2019-03-02;12,1;23,2;NA
2019-03-03;570,5;20,7;NA
2019-03-04;23,4;18,9;NA
2019-03-05;16,1;17,6;NA
2019-03-06;18,1;16,8;NA
2019-03-07;14;16,1;NA
2019-03-08;17,8;15,5;NA
2019-03-09;6,1;14,9;NA
2019-03-10;1725,3;14;NA
2019-03-11;15,9;13,2;NA
2019-03-12;12,5;12,4;NA
2019-03-13;16,4;11,5;NA
2019-03-14;13;10,7;NA
2019-03-15;5,4;9,8;NA
2019-03-16;6,5;9;NA
2019-03-17;105,4;8,1;NA
2019-03-18;7;7,5;NA
2019-03-19;7,6;7;NA
2019-03-20;9,1;6,7;NA
2019-03-21;4,9;6,6;NA
2019-03-22;6,4;6,5;NA
2019-03-23;3,8;6,3;NA
2019-03-24;250,8;6,2;NA
2019-03-25;6,2;6;NA
2019-03-26;5,4;5,8;NA
2019-03-27;8,8;5,6;NA
2019-03-28;5,5;5,3;NA
2019-03-29;4,5;5;NA
2019-03-30;2,8;4,8;NA
2019-03-31;14,7;4,5;NA
2019-04-01;4,5;4,3;NA
2019-04-02;3,2;4,2;NA
2019-04-03;5;4,1;NA
2019-04-04;4,6;4,1;NA
2019-04-05;5,7;4,1;NA
2019-04-06;1,4;4;NA
2019-04-07;16,7;4;NA
2019-04-08;4,3;3,9;NA
2019-04-09;4,1;3,9;NA
2019-04-10;3,4;3,9;NA
2019-04-11;3,9;4;NA
2019-04-12;3,9;4;NA
2019-04-13;4,6;4,1;NA
2019-04-14;99;4;NA
2019-04-15;5,4;3,9;NA
2019-04-16;2,3;3,8;NA
2019-04-17;4,5;3,7;NA
2019-04-18;4,5;3,6;NA
2019-04-19;2,5;3,4;NA
2019-04-20;2,6;3,2;NA
2019-04-21;18,9;3,1;NA
2019-04-22;4,9;2,9;NA
2019-04-23;2,7;2,7;NA
2019-04-24;2,8;2,6;NA
2019-04-25;3,7;2,5;NA
2019-04-26;2,2;2,4;NA
2019-04-27;1,2;2,4;NA
2019-04-28;106,8;2,4;NA
2019-04-29;1;2,5;NA
2019-04-30;2,9;2,5;NA
2019-05-01;3902,9;2,6;NA
2019-05-02;3,8;2,8;NA
2019-05-03;2,4;2,9;NA
2019-05-04;2,1;2,9;NA
2019-05-05;17,4;3;NA
2019-05-06;3,7;2,9;NA
2019-05-07;1,6;2,9;NA
2019-05-08;150,4;2,8;NA
2019-05-09;4,5;2,9;NA
2019-05-10;2,1;3;NA
2019-05-11;1,6;3;NA
2019-05-12;326,1;3;NA
2019-05-13;3,1;3;NA
2019-05-14;3,3;3;NA
2019-05-15;4,5;2,9;NA
2019-05-16;2,9;2,9;NA
2019-05-17;2,2;2,9;NA
2019-05-18;1,1;2,9;NA
2019-05-19;25;2,8;NA
2019-05-20;4,4;2,8;NA
2019-05-21;2,4;2,7;NA
2019-05-22;3,2;2,8;NA
2019-05-23;3,3;2,8;NA
2019-05-24;2,5;2,8;NA
2019-05-25;1;2,8;NA
2019-05-26;178,1;2,7;NA
2019-05-27;3,5;2,6;NA
2019-05-28;2,8;2,6;NA
2019-05-29;2,6;2,6;NA
2019-05-30;219,2;2,7;NA
2019-05-31;0,9;2,8;NA
2019-06-01;3,9;2,8;NA
2019-06-02;197,4;2,7;NA
2019-06-03;3,6;2,6;NA
2019-06-04;3,5;2,6;NA
2019-06-05;2,8;2,5;NA
2019-06-06;1,7;2,3;NA
2019-06-07;1,9;2,2;NA
2019-06-08;1,1;2,1;NA
2019-06-09;1,6;2,1;NA
2019-06-10;7,7;2,2;NA
2019-06-11;1,9;2,3;NA
2019-06-12;1,5;2,4;NA
2019-06-13;6,3;2,5;NA
2019-06-14;2,7;2,6;NA
2019-06-15;1,8;2,6;NA
2019-06-16;22,6;2,6;NA
2019-06-17;2,3;2,5;NA
2019-06-18;2,1;2,4;NA
2019-06-19;3,3;2,2;NA
2019-06-20;3;2;NA
2019-06-21;1,1;1,9;NA
2019-06-22;1,6;1,8;NA
2019-06-23;11,3;1,7;NA
2019-06-24;1,1;1,7;NA
2019-06-25;1,2;1,7;NA
2019-06-26;2;1,8;NA
2019-06-27;2,8;1,8;NA
2019-06-28;2,4;1,8;NA
2019-06-29;1,5;1,8;NA
2019-06-30;16,4;1,7;NA
2019-07-01;1,7;1,6;NA
2019-07-02;1,6;1,4;NA
2019-07-03;1;1,3;NA
2019-07-04;1,3;1,2;NA
2019-07-05;1;1,2;NA
2019-07-06;0,4;1,2;NA
2019-07-07;9,3;1,2;NA
2019-07-08;1,6;1,3;NA
2019-07-09;0,9;1,3;NA
2019-07-10;2,5;1,4;NA
2019-07-11;1,6;1,4;NA
2019-07-12;1,3;1,5;NA
2019-07-13;0,9;1,4;NA
2019-07-14;20,9;1,4;NA
2019-07-15;1,4;1,3;NA
2019-07-16;1,6;1,3;NA
2019-07-17;1,7;1,3;NA
2019-07-18;0,8;1,3;NA
2019-07-19;0,7;1,3;NA
2019-07-20;1,9;1,3;NA
2019-07-21;55,5;1,3;NA
2019-07-22;0,8;1,3;NA
2019-07-23;2,4;1,4;NA
2019-07-24;1;1,4;NA
2019-07-25;1,9;1,4;NA
2019-07-26;1,5;1,4;NA
2019-07-27;1,3;1,4;NA
2019-07-28;1,3;1,4;NA
2019-07-29;1;1,4;NA
2019-07-30;1,8;1,5;NA
2019-07-31;1;1,5;NA
2019-08-01;1,8;1,6;NA
2019-08-02;2,4;1,6;NA
2019-08-03;1,3;1,6;NA
2019-08-04;394,3;1,6;NA
2019-08-05;1,4;1,6;NA
2019-08-06;1,6;1,5;NA
2019-08-07;1,3;1,5;NA
2019-08-08;1,4;1,4;NA
2019-08-09;1,2;1,3;NA
2019-08-10;1;1,3;NA
2019-08-11;549,3;1,3;NA
2019-08-12;1;1,3;NA
2019-08-13;0,9;1,3;NA
2019-08-14;1,3;1,4;NA
2019-08-15;106;1,4;NA
2019-08-16;1,4;1,4;NA
2019-08-17;1,7;1,4;NA
2019-08-18;9,2;1,4;NA
2019-08-19;1,4;1,5;NA
2019-08-20;0,9;1,5;NA
2019-08-21;1,6;1,5;NA
2019-08-22;1,5;1,5;NA
2019-08-23;2,1;1,6;NA
2019-08-24;1,8;1,6;NA
2019-08-25;402,4;1,7;NA
2019-08-26;0,7;1,8;NA
2019-08-27;1,8;1,9;NA
2019-08-28;3;1,9;NA
2019-08-29;2,3;2;NA
2019-08-30;2,9;2,1;NA
2019-08-31;1;2,1;NA
2019-09-01;3,5;2,2;NA
2019-09-02;1,6;2,3;NA
2019-09-03;2,2;2,4;NA
2019-09-04;4,6;2,5;NA
2019-09-05;2,1;2,6;NA
2019-09-06;2,4;2,7;NA
2019-09-07;4,1;2,8;NA
2019-09-08;13,9;3;NA
2019-09-09;2;3,2;NA
2019-09-10;2,7;3,3;NA
2019-09-11;4,9;3,5;NA
2019-09-12;4,3;3,6;NA
2019-09-13;3,3;3,8;NA
2019-09-14;4,9;4;NA
2019-09-15;430,9;4,3;NA
2019-09-16;3,4;4,5;NA
2019-09-17;3,2;4,8;NA
2019-09-18;5;5;NA
2019-09-19;6,4;5,2;NA
2019-09-20;10,6;5,5;NA
2019-09-21;1,8;5,7;NA
2019-09-22;47,3;5,8;NA
2019-09-23;8,3;5,8;NA
2019-09-24;4,1;5,6;NA
2019-09-25;5,7;5,4;NA
2019-09-26;8,6;5,3;NA
2019-09-27;4,4;5,2;NA
2019-09-28;1,8;5,2;NA
2019-09-29;89,2;5,1;NA
2019-09-30;5;5,1;NA
2019-10-01;5,9;5,1;NA
2019-10-02;6,8;5,2;NA
2019-10-03;4,7;5,5;NA
2019-10-04;5,6;5,8;NA
2019-10-05;3,2;6,1;NA
2019-10-06;29,4;6,4;NA
2019-10-07;6,9;6,7;NA
2019-10-08;8,8;6,9;NA
2019-10-09;9;7;NA
2019-10-10;9,1;6,8;NA
2019-10-11;4,3;6,5;NA
2019-10-12;6,8;6;NA
2019-10-13;140,4;5,4;NA
2019-10-14;6,7;4,8;NA
2019-10-15;2,2;4,4;NA
2019-10-16;7,1;4,1;NA
2019-10-17;4,1;3,9;NA
2019-10-18;2,1;3,8;NA
2019-10-19;2,8;3,7;NA
2019-10-20;722,3;3,7;NA
2019-10-21;4,3;3,6;NA
2019-10-22;2,8;3,6;NA
2019-10-23;5,4;3,6;NA
2019-10-24;2,7;3,7;NA
2019-10-25;4,3;3,8;NA
2019-10-26;2,2;3,8;NA
2019-10-27;3,1;3,8;NA
2019-10-28;5,1;3,7;NA
2019-10-29;3,6;3,6;NA
2019-10-30;5,3;3,5;NA
2019-10-31;2,2;3,4;NA
2019-11-01;145,5;3,4;NA
2019-11-02;1,3;3,3;NA
2019-11-03;317,8;3,3;NA
2019-11-04;2,5;3,4;NA
2019-11-05;4,4;3,5;NA
2019-11-06;3,8;3,7;NA
2019-11-07;4,3;4;NA
2019-11-08;4;4,2;NA
2019-11-09;3;4,6;NA
2019-11-10;1119,1;4,9;NA
2019-11-11;70,5;5,2;NA
2019-11-12;5,8;5,6;NA
2019-11-13;4,5;5,9;NA
2019-11-14;6,4;6,3;NA
2019-11-15;7,5;6,6;NA
2019-11-16;3;7;NA
2019-11-17;1489,3;7,4;NA
2019-11-18;9,4;7,7;NA
2019-11-19;9,3;8;NA
2019-11-20;8;8,2;NA
2019-11-21;10,6;8,3;NA
2019-11-22;7,1;8,6;NA
2019-11-23;3,5;9;NA
2019-11-24;79,2;9,3;NA
2019-11-25;9,3;9,6;NA
2019-11-26;10;9,8;NA
2019-11-27;17,3;10;NA
2019-11-28;15,4;10,4;NA
2019-11-29;9,3;10,8;NA
2019-11-30;1;11,1;NA
2019-12-01;978;11,5;NA
2019-12-02;12,4;11,8;NA
2019-12-03;25,6;12,1;NA
2019-12-04;10,6;12,4;NA
2019-12-05;10,4;12,4;NA
2019-12-06;15,4;12,1;NA
2019-12-07;8,7;11,5;NA
2019-12-08;171,5;10,6;NA
2019-12-09;9,6;9,7;NA
2019-12-10;7;9,2;NA
2019-12-11;10,2;8,9;NA
2019-12-12;10,8;8,9;NA
2019-12-13;6,7;9,2;NA
2019-12-14;3,9;9,8;NA
2019-12-15;29,9;10,5;NA
2019-12-16;14,3;11,2;NA
2019-12-17;12,4;11,7;NA
2019-12-18;25,9;11,8;NA
2019-12-19;8,5;11,6;NA
2019-12-20;14,7;11,1;NA
2019-12-21;3,6;10,4;NA
2019-12-22;1241,6;9,7;NA
2019-12-23;5,5;9,1;NA
2019-12-24;4,9;9;NA
2019-12-25;0;9,2;NA
2019-12-26;14,9;9,7;NA
2019-12-27;12,4;10,3;NA
2019-12-28;6,3;11,1;NA
2019-12-29;228,5;12;NA
2019-12-30;11,9;12,9;NA
2019-12-31;8,5;14,1;NA
2020-01-01;6218,7;16;NA
2020-01-02;14,7;18,6;NA
2020-01-03;25,3;21,8;NA
2020-01-04;13,4;24,8;NA
2020-01-05;214,3;27,1;NA
2020-01-06;46,2;28,5;NA
2020-01-07;34,7;28,8;NA
2020-01-08;32,1;28,7;NA
2020-01-09;28,8;27,9;NA
2020-01-10;24,1;26,6;NA
2020-01-11;7,3;25;NA
2020-01-12;4098,2;23,5;NA
2020-01-13;29,7;22,5;NA
2020-01-14;23,2;22;NA
2020-01-15;14,6;22,1;NA
2020-01-16;21,7;22,7;NA
2020-01-17;26,9;23,9;NA
2020-01-18;16;25,4;NA
2020-01-19;242;27,4;NA
2020-01-20;25,8;29,9;NA
2020-01-21;35,6;33,2;NA
2020-01-22;41,6;37,9;NA
2020-01-23;37,2;44,3;NA
2020-01-24;45,1;52,4;NA
2020-01-25;28,9;62,1;NA
2020-01-26;2938,7;72,4;NA
2020-01-27;142,7;81,6;NA
2020-01-28;110,4;89,1;NA
2020-01-29;79,8;95,3;NA
2020-01-30;133,2;99,5;NA
2020-01-31;86,1;101,3;NA
2020-02-01;32,5;101,1;NA
2020-02-02;4861,1;99,7;NA
2020-02-03;156,1;98,1;NA
2020-02-04;125,8;97,2;NA
2020-02-05;74,3;97,3;NA
2020-02-06;109;97,9;NA
2020-02-07;73,8;98,5;NA
2020-02-08;35,5;97,3;NA
2020-02-09;3459,4;94,4;NA
2020-02-10;184,6;91,7;NA
2020-02-11;100;89,9;NA
2020-02-12;98,2;88,3;NA
2020-02-13;78,9;86,3;NA
2020-02-14;38,6;83,6;NA
2020-02-15;52,7;80;NA
2020-02-16;6727,9;75,7;NA
2020-02-17;125,2;72;NA
2020-02-18;69,2;69,6;NA
2020-02-19;73,3;67,9;NA
2020-02-20;62;66,2;NA
2020-02-21;51,2;63,5;NA
2020-02-22;13,8;60;NA
2020-02-23;6834,2;56,4;NA
2020-02-24;91,3;53,4;NA
2020-02-25;74,1;51,5;NA
2020-02-26;33,1;50,6;NA
2020-02-27;52,3;50,3;NA
2020-02-28;32,5;50,2;NA
2020-02-29;24,4;49,8;NA
2020-03-01;1415,5;49,3;NA
2020-03-02;81,6;49,3;NA
2020-03-03;63,5;50,1;NA
2020-03-04;41,1;51,3;NA
2020-03-05;51,3;52,6;NA
2020-03-06;38,8;54,2;NA
2020-03-07;31,7;55,9;NA
2020-03-08;2103,2;57,8;NA
2020-03-09;73,1;60,2;NA
2020-03-10;79;62,6;NA
2020-03-11;57,9;63,3;NA
2020-03-12;97,5;62,1;NA
2020-03-13;41,4;60,1;NA
2020-03-14;61,1;58,2;NA
2020-03-15;3791,4;57,1;NA
2020-03-16;50,7;56,7;NA
2020-03-17;31,4;57,3;NA
2020-03-18;80,9;58,5;NA
2020-03-19;80,6;59,8;NA
2020-03-20;98,7;60,1;NA
2020-03-21;44,2;58,6;NA
2020-03-22;1;55,9;NA
2020-03-23;80;52,5;NA
2020-03-24;43,5;49,2;NA
2020-03-25;28,7;46,9;NA
2020-03-26;21,1;45,5;NA
2020-03-27;43,2;44,9;NA
2020-03-28;73;44,5;NA
2020-03-29;22205,1;43,4;NA
2020-03-30;89;42;NA
2020-03-31;28,5;40;NA
2020-04-01;19,5;36,6;NA
2020-04-02;53,9;31,8;NA
2020-04-03;27;26,4;NA
2020-04-04;8,9;21,5;NA
2020-04-05;724,5;17,3;NA
2020-04-06;20,9;14,3;NA
2020-04-07;9,5;12,3;NA
2020-04-08;7,3;10,8;NA
2020-04-09;6,6;9,6;NA
2020-04-10;8,6;8,4;NA
2020-04-11;11,4;7,3;NA
2020-04-12;7837,7;6,3;NA
2020-04-13;160;5,5;NA
2020-04-14;3;5;NA
2020-04-15;3,8;4,7;NA
2020-04-16;2,8;4,5;NA
2020-04-17;5,7;4,4;NA
2020-04-18;5,7;4,4;NA
2020-04-19;621,5;4,4;NA
2020-04-20;5,7;4,2;NA
2020-04-21;4,9;4;NA
2020-04-22;3,3;3,7;NA
2020-04-23;3,9;3,3;NA
2020-04-24;1,5;2,9;NA
2020-04-25;2,6;2,7;NA
2020-04-26;117,2;2,5;NA
2020-04-27;1,7;2,3;NA
2020-04-28;2,7;2,2;NA
2020-04-29;1,9;2,2;NA
2020-04-30;2,5;2,1;NA
2020-05-01;299;1,9;NA
2020-05-02;0,9;1,7;NA
2020-05-03;1060;1,6;NA
2020-05-04;1,3;1,4;NA
2020-05-05;1,8;1,4;NA
2020-05-06;0,5;1,4;NA
2020-05-07;1;1,5;NA
2020-05-08;3,2;1,7;NA
2020-05-09;3,5;1,9;NA
2020-05-10;520,5;2,2;NA
2020-05-11;3,2;2,4;NA
2020-05-12;1,2;2,5;NA
2020-05-13;4,4;2,5;NA
2020-05-14;4,2;2,4;NA
2020-05-15;1,6;2,2;NA
2020-05-16;0,9;2;NA
2020-05-17;1;1,9;NA
2020-05-18;2,2;1,9;NA
2020-05-19;1,4;1,9;NA
2020-05-20;0,9;1,9;NA
2020-05-21;320,6;2;NA
2020-05-22;3,7;2,1;NA
2020-05-23;3,2;2,2;NA
2020-05-24;14,3;2,2;NA
2020-05-25;1,4;2,2;NA
2020-05-26;2,6;2,1;NA
2020-05-27;1,6;2;NA
2020-05-28;2;1,9;NA
2020-05-29;2,4;1,9;NA
2020-05-30;1,2;1,8;NA
2020-05-31;59,3;1,8;NA
2020-06-01;17,9;1,7;NA
2020-06-02;1,4;1,7;NA
2020-06-03;1,2;1,7;NA
2020-06-04;1,4;1,7;NA
2020-06-05;3,1;1,7;NA
2020-06-06;1,3;1,8;NA
2020-06-07;58;1,9;NA
2020-06-08;1,2;2,1;NA
2020-06-09;1,7;2,3;NA
2020-06-10;3,2;2,4;NA
2020-06-11;2,9;2,5;NA
2020-06-12;5,2;2,6;NA
2020-06-13;1,7;2,6;NA
2020-06-14;11,1;2,5;NA
2020-06-15;1,8;2,4;NA
2020-06-16;3,5;2,3;NA
2020-06-17;1,4;2,2;NA
2020-06-18;2,2;2,2;NA
2020-06-19;2;2,2;NA
2020-06-20;1,4;2,2;NA
2020-06-21;354;2,3;NA
2020-06-22;3;2,3;NA
2020-06-23;1,6;2,3;NA
2020-06-24;3,1;2,3;NA
2020-06-25;2,5;2,2;NA
2020-06-26;2,9;2,2;NA
2020-06-27;1,6;2,2;NA
2020-06-28;32,3;2,2;NA
2020-06-29;0,9;2,2;NA
2020-06-30;2;2,3;NA
2020-07-01;3,1;2,3;NA
2020-07-02;3,3;2,4;NA
2020-07-03;3,8;2,6;NA
2020-07-04;1,6;2,7;NA
2020-07-05;53,5;2,9;NA
2020-07-06;2,1;3;NA
2020-07-07;2,2;3,1;NA
2020-07-08;5,3;3,2;NA
2020-07-09;4,2;3,3;NA
2020-07-10;2,3;3,5;NA
2020-07-11;3,7;3,6;NA
2020-07-12;522,1;3,6;NA
2020-07-13;4,7;3,6;NA
2020-07-14;334,3;3,5;NA
2020-07-15;2,7;3,3;NA
2020-07-16;2,5;3,1;NA
2020-07-17;3,1;2,9;NA
2020-07-18;2,7;2,8;NA
2020-07-19;44,9;2,7;NA
2020-07-20;2,8;2,6;NA
2020-07-21;1,2;2,6;NA
2020-07-22;4,3;2,6;NA
2020-07-23;2;2,5;NA
2020-07-24;2,7;2,5;NA
2020-07-25;3,7;2,4;NA
2020-07-26;208,5;2,3;NA
2020-07-27;2,3;2,2;NA
2020-07-28;1,1;2,2;NA
2020-07-29;2,4;2,1;NA
2020-07-30;1,7;2;NA
2020-07-31;2,8;2;NA
2020-08-01;2,2;1,9;NA
2020-08-02;17,3;2;NA
2020-08-03;1,9;2;NA
2020-08-04;0,9;2,1;NA
2020-08-05;2,5;2,1;NA
2020-08-06;2,2;2,2;NA
2020-08-07;2,8;2,3;NA
2020-08-08;4,4;2,4;NA
2020-08-09;16,6;2,4;NA
2020-08-10;2,4;2,4;NA
2020-08-11;2,6;2,5;NA
2020-08-12;1,5;2,4;NA
2020-08-13;2,4;2,4;NA
2020-08-14;1,8;2,4;NA
2020-08-15;109,2;2,4;NA
2020-08-16;80,8;2,4;NA
2020-08-17;3;2,5;NA
2020-08-18;1,1;2,5;NA
2020-08-19;2,5;2,6;NA
2020-08-20;3,1;2,6;NA
2020-08-21;3,8;2,6;NA
2020-08-22;1,8;2,7;NA
2020-08-23;18,4;2,7;NA
2020-08-24;2,7;2,8;NA
2020-08-25;2,4;2,8;NA
2020-08-26;3,1;2,8;NA
2020-08-27;3,1;2,8;NA
2020-08-28;3,3;2,8;NA
2020-08-29;1,2;2,9;NA
2020-08-30;1569,5;3,1;NA
2020-08-31;2;3,3;NA
2020-09-01;3;3,6;NA
2020-09-02;3,8;4;NA
2020-09-03;6,4;4,6;NA
2020-09-04;4,5;5,3;NA
2020-09-05;7,4;6,2;NA
2020-09-06;549,3;7,4;NA
2020-09-07;6,2;8,6;NA
2020-09-08;11,1;9,7;NA
2020-09-09;9,1;10,9;NA
2020-09-10;13,3;11,9;NA
2020-09-11;16,1;12,9;NA
2020-09-12;13,9;13,6;NA
2020-09-13;2035,6;14,1;NA
2020-09-14;14,7;14,4;NA
2020-09-15;13,4;14,5;NA
2020-09-16;17,8;14,5;NA
2020-09-17;10,9;14,5;NA
2020-09-18;15,7;14,4;NA
2020-09-19;6,6;14,3;NA
2020-09-20;3628,4;14;NA
2020-09-21;20,4;13,8;NA
2020-09-22;15,4;13,6;NA
2020-09-23;8,7;13,7;NA
2020-09-24;12,4;13,9;NA
2020-09-25;11,1;13,9;NA
2020-09-26;12,2;14;NA
2020-09-27;227,6;14,2;NA
2020-09-28;22,9;14,4;NA
2020-09-29;17,6;14,7;NA
2020-09-30;7,8;15;NA
2020-10-01;15,8;15,3;NA
2020-10-02;15,7;15,5;NA
2020-10-03;12,1;15,6;NA
2020-10-04;40,9;15,8;NA
2020-10-05;22,4;16,1;NA
2020-10-06;18,7;16,4;NA
2020-10-07;12,8;16;NA
2020-10-08;16,6;14,3;NA
2020-10-09;17,8;12;NA
2020-10-10;9,2;9,9;NA
2020-10-11;119;8,3;NA
2020-10-12;29,8;7,3;NA
2020-10-13;1,6;6,8;NA
2020-10-14;3,2;6,7;NA
2020-10-15;7,1;6,9;NA
2020-10-16;9,5;7,6;NA
2020-10-17;17,3;8,6;NA
2020-10-18;1597,2;10,3;NA
2020-10-19;18;12,5;NA
2020-10-20;8,9;14,7;NA
2020-10-21;12,1;16,5;NA
2020-10-22;16,5;18;NA
2020-10-23;31,5;19,1;NA
2020-10-24;24,1;20;NA
2020-10-25;1477,1;20,7;NA
2020-10-26;22,6;21,4;NA
2020-10-27;25,3;21,9;NA
2020-10-28;19,5;22,2;NA
2020-10-29;11,7;22,7;NA
2020-10-30;24,7;23,5;NA
2020-10-31;31,4;24,5;NA
2020-11-01;18595,6;25,5;NA
2020-11-02;28,5;26,5;NA
2020-11-03;28;27,2;NA
2020-11-04;33,1;27,3;NA
2020-11-05;20;26,4;NA
2020-11-06;22,8;24,9;NA
2020-11-07;28,6;23,2;NA
2020-11-08;7679,1;21,4;NA
2020-11-09;20,7;19,8;NA
2020-11-10;13,2;18,5;NA
2020-11-11;197,1;17,4;NA
2020-11-12;15,9;16,5;NA
2020-11-13;12,9;15,9;NA
2020-11-14;16,6;15,8;NA
2020-11-15;11161;16;NA
2020-11-16;12,3;16,3;NA
2020-11-17;10,3;16,7;NA
2020-11-18;31,6;17;NA
2020-11-19;11,4;17,2;NA
2020-11-20;29,5;17;NA
2020-11-21;12,1;16,4;NA
2020-11-22;7,9;15,6;NA
2020-11-23;20,4;14,6;NA
2020-11-24;10,8;13,5;NA
2020-11-25;13,4;12,7;NA
2020-11-26;9,6;12;NA
2020-11-27;10,5;11,5;NA
2020-11-28;8,4;11,2;NA
2020-11-29;3308,1;11,1;NA
2020-11-30;12,4;11;NA
2020-12-01;10,1;11,1;NA
2020-12-02;7;11,1;NA
2020-12-03;14,1;11;NA
2020-12-04;13,9;10,9;NA
2020-12-05;9,1;10,9;NA
2020-12-06;314,7;11;NA
2020-12-07;9,6;11,2;NA
2020-12-08;8,5;11,5;NA
2020-12-09;11,6;11,6;NA
2020-12-10;14,2;11,7;NA
2020-12-11;15,7;11,9;NA
2020-12-12;9,5;12,1;NA
2020-12-13;260,6;12,1;NA
2020-12-14;11,5;12;NA
2020-12-15;10,2;11,8;NA
2020-12-16;12,7;11,3;NA
2020-12-17;13,6;10,7;NA
2020-12-18;13;9,9;NA
2020-12-19;4,1;9;NA
2020-12-20;857,3;8,1;NA
2020-12-21;9,2;7,3;NA
2020-12-22;5,2;6,6;NA
2020-12-23;3,7;6,1;NA
2020-12-24;5,1;5,9;NA
2020-12-25;2790,7;5,8;NA
2020-12-26;4;5,9;NA
2020-12-27;398,8;6,1;NA
2020-12-28;6,7;6,4;NA
2020-12-29;6,4;7;NA
2020-12-30;4,4;8;NA
2020-12-31;9,2;9,5;NA
2021-01-01;3209,5;11,4;NA
2021-01-02;10,9;13,7;NA
2021-01-03;3060;16,2;NA
2021-01-04;25,1;18,5;NA
2021-01-05;20,8;19,9;NA
2021-01-06;17,1;20,1;NA
2021-01-07;14,9;19,6;NA
2021-01-08;28,9;19;NA
2021-01-09;18,4;18,3;NA
2021-01-10;1289,2;17,7;NA
2021-01-11;9,2;17,4;NA
2021-01-12;19,1;17,3;NA
2021-01-13;12,6;17,4;NA
2021-01-14;28,8;17,8;NA
2021-01-15;14,3;18,6;NA
2021-01-16;18,4;20;NA
2021-01-17;411;21,7;NA
2021-01-18;23,8;23,3;NA
2021-01-19;19,2;24,6;NA
2021-01-20;29,2;25,2;NA
2021-01-21;33,7;25,3;NA
2021-01-22;30,5;24,7;NA
2021-01-23;26,8;23,6;NA
2021-01-24;9,3;22,3;NA
2021-01-25;16,9;21;NA
2021-01-26;15,2;19,8;NA
2021-01-27;23,9;19,1;NA
2021-01-28;12,3;18,8;NA
2021-01-29;25,5;19,2;NA
2021-01-30;16,1;20;NA
2021-01-31;40,1;20,7;NA
2021-02-01;25,4;21,2;NA
2021-02-02;16,5;21,3;NA
2021-02-03;29,9;21,1;NA
2021-02-04;23,9;20,6;NA
2021-02-05;19,9;20,2;NA
2021-02-06;12,2;20;NA
2021-02-07;722,4;19,9;NA
2021-02-08;11,6;20;NA
2021-02-09;22,8;20,3;NA
2021-02-10;25;20,8;NA
2021-02-11;25,5;21,5;NA
2021-02-12;24,2;22;NA
2021-02-13;16;22;NA
2021-02-14;845,9;21,5;NA
2021-02-15;23,5;20,6;NA
2021-02-16;23,2;19,4;NA
2021-02-17;21,2;18,3;NA
2021-02-18;11,5;17,3;NA
2021-02-19;18,1;16,5;NA
2021-02-20;7,5;16,1;NA
2021-02-21;1045,8;15,7;NA
2021-02-22;14,6;15,6;NA
2021-02-23;13,2;15,7;NA
2021-02-24;20,4;15,8;NA
2021-02-25;19,7;16;NA
2021-02-26;18,2;16,1;NA
2021-02-27;7,7;16,4;NA
2021-02-28;144,4;16,6;NA
2021-03-01;15,4;16,7;NA
2021-03-02;17,6;16,8;NA
2021-03-03;16,9;16,7;NA
2021-03-04;25,8;16,4;NA
2021-03-05;17,4;15,9;NA
2021-03-06;8,1;15,2;NA
2021-03-07;255,4;14,4;NA
2021-03-08;16,8;13,6;NA
2021-03-09;7,1;13,1;NA
2021-03-10;17,1;12,7;NA
2021-03-11;11,4;12,8;NA
2021-03-12;12,5;13,2;NA
2021-03-13;11,5;13,9;NA
2021-03-14;2554,1;14,7;NA
2021-03-15;11,3;15,6;NA
2021-03-16;14,5;16,3;NA
2021-03-17;25;16,8;NA
2021-03-18;20,9;17,2;NA
2021-03-19;15,9;17,5;NA
2021-03-20;15;17,5;NA
2021-03-21;947,2;17,5;NA
2021-03-22;11,6;17,4;NA
2021-03-23;22;17,2;NA
2021-03-24;18,6;17;NA
2021-03-25;16,7;16,9;NA
2021-03-26;16;16,8;NA
2021-03-27;16,8;16,4;NA
2021-03-28;63,7;15,9;NA
2021-03-29;13,3;15,4;NA
2021-03-30;19,9;15;NA
2021-03-31;14,8;14,9;NA
2021-04-01;12,8;14,9;NA
2021-04-02;9,2;15;NA
2021-04-03;17,7;15,3;NA
2021-04-04;450,3;15,7;NA
2021-04-05;3371;16,3;NA
2021-04-06;12;17;NA
2021-04-07;20,9;17,7;NA
2021-04-08;13,2;18,1;NA
2021-04-09;19,5;18,2;NA
2021-04-10;24,2;18,1;NA
2021-04-11;532,6;17,9;NA
2021-04-12;17;17,7;NA
2021-04-13;18;17,3;NA
2021-04-14;18,4;16,8;NA
2021-04-15;13,3;16,3;NA
2021-04-16;16;15,8;NA
2021-04-17;10,7;15,5;NA
2021-04-18;2305;15,2;NA
2021-04-19;13,6;15;NA
2021-04-20;14,6;14,9;NA
2021-04-21;17,5;14,7;NA
2021-04-22;12;14,5;NA
2021-04-23;22,4;14,2;NA
2021-04-24;5,5;13,9;NA
2021-04-25;197,9;13,5;NA
2021-04-26;15;13,2;NA
2021-04-27;11,5;13;NA
2021-04-28;13,5;13;NA
2021-04-29;16;12,9;NA
2021-04-30;8;12,7;NA
2021-05-01;126,5;12,2;NA
2021-05-02;352,9;11,4;NA
2021-05-03;17,4;10,7;NA
2021-05-04;10;10;NA
2021-05-05;6,6;9,3;NA
2021-05-06;7,7;8,5;NA
2021-05-07;5,3;7,9;NA
2021-05-08;103,1;7,4;NA
2021-05-09;1026,1;7;NA
2021-05-10;3,8;6,7;NA
2021-05-11;7,2;6,6;NA
2021-05-12;8,7;6,4;NA
2021-05-13;431,3;6,1;NA
2021-05-14;5,2;5,9;NA
2021-05-15;2,8;5,8;NA
2021-05-16;338,4;5,8;NA
2021-05-17;4,3;5,8;NA
2021-05-18;4,7;6;NA
2021-05-19;6;6,4;NA
2021-05-20;10,2;6,8;NA
2021-05-21;6,5;7,2;NA
2021-05-22;10,7;7,5;NA
2021-05-23;95,7;7,6;NA
2021-05-24;139,3;7,6;NA
2021-05-25;5,8;7,4;NA
2021-05-26;7,8;7;NA
2021-05-27;6,5;6,7;NA
2021-05-28;7,4;6,3;NA
2021-05-29;4,9;6,1;NA
2021-05-30;69,1;5,9;NA
2021-05-31;3,8;5,8;NA
2021-06-01;6,1;5,7;NA
2021-06-02;6;5,6;NA
2021-06-03;5,5;5,6;NA
2021-06-04;8,3;5,5;NA
2021-06-05;3,1;5,5;NA
2021-06-06;292,1;5,4;NA
2021-06-07;4,4;5,2;NA
2021-06-08;6,3;5,1;NA
2021-06-09;3,6;4,9;NA
2021-06-10;4,4;4,8;NA
2021-06-11;6,7;4,8;NA
2021-06-12;2,7;4,7;NA
2021-06-13;67,7;4,6;NA
2021-06-14;6,2;4,6;NA
2021-06-15;2,7;4,5;NA
2021-06-16;5,5;4,5;NA
2021-06-17;5,5;4,5;NA
2021-06-18;3,1;4,6;NA
2021-06-19;4;4,7;NA
2021-06-20;82,2;4,7;NA
2021-06-21;5,2;4,7;NA
2021-06-22;5,9;4,7;NA
2021-06-23;6;4,6;NA
2021-06-24;4,9;4,5;NA
2021-06-25;2,2;4,4;NA
2021-06-26;4,7;4,2;NA
2021-06-27;19,5;4,1;NA
2021-06-28;3,5;4;NA
2021-06-29;4,7;4;NA
2021-06-30;4,2;4;NA
2021-07-01;4,6;4,1;NA
2021-07-02;3,8;4,1;NA
2021-07-03;2,7;4,2;NA
2021-07-04;39,8;4,3;NA
2021-07-05;4,6;4,3;NA
2021-07-06;3,4;4,3;NA
2021-07-07;7,7;4,2;NA
2021-07-08;3,9;4,2;NA
2021-07-09;4;4,1;NA
2021-07-10;2,4;4;NA
2021-07-11;41,8;4;NA
2021-07-12;3,5;4;NA
2021-07-13;3,2;4;NA
2021-07-14;15,1;4,1;NA
2021-07-15;4,8;4,3;NA
2021-07-16;5,3;4,4;NA
2021-07-17;3,8;4,5;NA
2021-07-18;424,8;4,5;NA
2021-07-19;2,9;4,5;NA
2021-07-20;5,6;4,5;NA
2021-07-21;5,4;4,5;NA
2021-07-22;3,2;4,6;NA
2021-07-23;3,7;4,8;NA
2021-07-24;4,8;5;NA
2021-07-25;405,4;5,1;NA
2021-07-26;6,6;5,2;NA
2021-07-27;5,6;5,2;NA
2021-07-28;5,8;5,2;NA
2021-07-29;4,3;5,3;NA
2021-07-30;4,9;5,3;NA
2021-07-31;2,5;5,4;NA
2021-08-01;208,3;5,6;NA
2021-08-02;5,4;5,9;NA
2021-08-03;8,7;6,2;NA
2021-08-04;6,2;6,4;NA
2021-08-05;7,1;6,5;NA
2021-08-06;7,9;6,5;NA
2021-08-07;4;6,4;NA
2021-08-08;284,3;6,1;NA
2021-08-09;4,7;5,9;NA
2021-08-10;4,2;5,6;NA
2021-08-11;12,7;5,4;NA
2021-08-12;3,9;5,2;NA
2021-08-13;4,1;5,1;NA
2021-08-14;3,3;4,9;NA
2021-08-15;162;4,7;NA
2021-08-16;3,1;4,4;NA
2021-08-17;6,8;4,1;NA
2021-08-18;5,7;4;NA
2021-08-19;3,6;3,9;NA
2021-08-20;2,2;4;NA
2021-08-21;1,2;4,2;NA
2021-08-22;43;4,3;NA
2021-08-23;6;4,5;NA
2021-08-24;5,1;4,7;NA
2021-08-25;7,7;5;NA
2021-08-26;6,3;5,2;NA
2021-08-27;3,7;5,3;NA
2021-08-28;2,8;5,3;NA
2021-08-29;16,6;5,2;NA
2021-08-30;9,1;5,1;NA
2021-08-31;4,2;5;NA
2021-09-01;5,4;4,9;NA
2021-09-02;5,2;4,9;NA
2021-09-03;3,7;5,1;NA
2021-09-04;2,9;5,4;NA
2021-09-05;347,9;5,8;NA
2021-09-06;3,8;6,2;NA
2021-09-07;7,1;6,6;NA
2021-09-08;15,2;7;NA
2021-09-09;11,6;7,3;NA
2021-09-10;5,2;7,5;NA
2021-09-11;2,9;7,5;NA
2021-09-12;41,1;7,4;NA
2021-09-13;6,7;7,1;NA
2021-09-14;13;6,9;NA
2021-09-15;8,2;6,7;NA
2021-09-16;5,7;6,7;NA
2021-09-17;3,9;6,7;NA
2021-09-18;4,4;6,8;NA
2021-09-19;99,6;7;NA
2021-09-20;8,5;7,2;NA
2021-09-21;5,9;7,6;NA
2021-09-22;8;8,1;NA
2021-09-23;14,7;8,7;NA
2021-09-24;7,6;9,2;NA
2021-09-25;6,1;9,8;NA
2021-09-26;95,1;10,2;NA
2021-09-27;9,9;10,5;NA
2021-09-28;11,5;10,7;NA
2021-09-29;19,1;10,8;NA
2021-09-30;11,2;11,3;NA
2021-10-01;7,6;11,9;NA
2021-10-02;4,4;12,7;NA
2021-10-03;416,9;13,5;NA
2021-10-04;13,9;14,3;NA
2021-10-05;24,4;15;NA
2021-10-06;21,6;15,8;NA
2021-10-07;14,8;16,6;NA
2021-10-08;16,7;17;NA
2021-10-09;6,5;16,9;NA
2021-10-10;734,2;16,6;NA
2021-10-11;17,1;16,2;NA
2021-10-12;26,9;16;NA
2021-10-13;16,3;16,2;NA
2021-10-14;12,2;16,6;NA
2021-10-15;10,9;17;NA
2021-10-16;12,9;16,9;NA
2021-10-17;81,9;16,3;NA
2021-10-18;31,5;15,3;NA
2021-10-19;20,6;14,3;NA
2021-10-20;15,4;13,1;NA
2021-10-21;18,6;11,7;NA
2021-10-22;2,9;10,2;NA
2021-10-23;6,2;8,9;NA
2021-10-24;716;7,9;NA
2021-10-25;9,2;7,1;NA
2021-10-26;5,7;6,7;NA
2021-10-27;8,1;6,6;NA
2021-10-28;7,1;6,7;NA
2021-10-29;4,2;6,8;NA
2021-10-30;3,6;7,1;NA
2021-10-31;1440,6;7,6;NA
2021-11-01;38,2;8,4;NA
2021-11-02;8,4;9,3;NA
2021-11-03;7,6;10,4;NA
2021-11-04;12,4;11,4;NA
2021-11-05;15,5;11,9;NA
2021-11-06;10,5;12,1;NA
2021-11-07;1180,4;12,1;NA
2021-11-08;17,9;12;NA
2021-11-09;13;11,7;NA
2021-11-10;5,6;11,4;NA
2021-11-11;598,1;11,2;NA
2021-11-12;6,9;11,4;NA
2021-11-13;11,4;11,8;NA
2021-11-14;1400,2;12,3;NA
2021-11-15;12,4;12,9;NA
2021-11-16;17,3;13,6;NA
2021-11-17;14;13,9;NA
2021-11-18;13,6;14,1;NA
2021-11-19;13,8;14;NA
2021-11-20;12,4;13,9;NA
2021-11-21;221,3;14,1;NA
2021-11-22;12,4;14,4;NA
2021-11-23;14,5;14,9;NA
2021-11-24;9,6;15,6;NA
2021-11-25;19,9;16,4;NA
2021-11-26;22,1;17,4;NA
2021-11-27;16,8;18,3;NA
2021-11-28;559,4;19;NA
2021-11-29;16,5;19,4;NA
2021-11-30;20,1;19,4;NA
2021-12-01;27,2;19,2;NA
2021-12-02;21,1;19,1;NA
2021-12-03;14,6;19,3;NA
2021-12-04;9,1;19,7;NA
2021-12-05;67,7;20,3;NA
2021-12-06;18;21;NA
2021-12-07;33,3;21,7;NA
2021-12-08;26,9;21,5;NA
2021-12-09;22,7;19,9;NA
2021-12-10;17,8;17,7;NA
2021-12-11;26,8;15,5;NA
2021-12-12;312;13,5;NA
2021-12-13;18,9;12;NA
2021-12-14;0;11;NA
2021-12-15;28,4;10,5;NA
2021-12-16;21,7;10,5;NA
2021-12-17;12,6;10,7;NA
2021-12-18;9,6;11,1;NA
2021-12-19;34,7;11,5;NA
2021-12-20;7,9;11,9;NA
2021-12-21;17,6;12,2;NA
2021-12-22;9;12,7;NA
2021-12-23;10,4;14,2;NA
2021-12-24;10;16,4;NA
2021-12-25;3015,8;19,1;NA
2021-12-26;428,6;22,1;NA
2021-12-27;36,5;25,2;NA
2021-12-28;26,3;28,4;NA
2021-12-29;33,7;31,8;NA
2021-12-30;20,4;35,2;NA
2021-12-31;19,6;38,3;NA
2022-01-01;27618,7;40,9;NA
2022-01-02;378,9;42,7;NA
2022-01-03;66,1;43,3;NA
2022-01-04;50,2;42,5;NA
2022-01-05;52,3;40,3;NA
2022-01-06;31,8;37,2;NA
2022-01-07;23,8;33,9;NA
2022-01-08;19,9;30,6;NA
2022-01-09;134,1;27,7;NA
2022-01-10;26,4;25,3;NA
2022-01-11;27,9;23,6;NA
2022-01-12;30,2;22,5;NA
2022-01-13;16,4;22;NA
2022-01-14;19,2;21,7;NA
2022-01-15;10,4;21,6;NA
2022-01-16;3,9;21,6;NA
2022-01-17;24;21,7;NA
2022-01-18;34,1;21,9;NA
2022-01-19;23,3;22,3;NA
2022-01-20;19,4;22,9;NA
2022-01-21;24,4;23,5;NA
2022-01-22;11,8;24,2;NA
2022-01-23;113,2;24,7;NA
2022-01-24;20,5;25,1;NA
2022-01-25;36,8;25,4;NA
2022-01-26;38,9;25,6;NA
2022-01-27;24;25,5;NA
2022-01-28;27;25,1;NA
2022-01-29;10,8;24,7;NA
2022-01-30;5,3;24,2;NA
2022-01-31;23,2;23,5;NA
2022-02-01;24,9;22,9;NA
2022-02-02;25,6;22,5;NA
2022-02-03;35,2;22;NA
2022-02-04;23,9;21,4;NA
2022-02-05;6,6;20,5;NA
2022-02-06;33,5;19,3;NA
2022-02-07;15,1;18,1;NA
2022-02-08;22,5;17,3;NA
2022-02-09;16,5;16,8;NA
2022-02-10;18,1;16,7;NA
2022-02-11;16,7;16,9;NA
2022-02-12;9,6;17;NA
2022-02-13;72,8;17;NA
2022-02-14;17,1;16,9;NA
2022-02-15;19,9;17;NA
2022-02-16;21,3;17,3;NA
2022-02-17;13,5;17,6;NA
2022-02-18;17;18;NA
2022-02-19;12,1;18,3;NA
2022-02-20;43,3;18,4;NA
2022-02-21;29,6;18,3;NA
2022-02-22;17,4;18,1;NA
2022-02-23;17,6;17,7;NA
2022-02-24;18,5;17,1;NA
2022-02-25;16,4;16,6;NA
2022-02-26;8,4;16,1;NA
2022-02-27;238,6;15,8;NA
2022-02-28;14;15,6;NA
2022-03-01;13,4;15,7;NA
2022-03-02;20;16;NA
2022-03-03;20,3;16,7;NA
2022-03-04;17;17,8;NA
2022-03-05;8,6;19,2;NA
2022-03-06;264,2;20,6;NA
2022-03-07;18;21,8;NA
2022-03-08;30;22,9;NA
2022-03-09;34,4;24,1;NA
2022-03-10;28,8;25,8;NA
2022-03-11;19,1;27,6;NA
2022-03-12;14,4;29,3;NA
2022-03-13;206,6;30,8;NA
2022-03-14;33;32;NA
2022-03-15;56,5;33,5;NA
2022-03-16;36;35,8;NA
2022-03-17;31,9;39,3;NA
2022-03-18;30,5;43,6;NA
2022-03-19;19,2;48,3;NA
2022-03-20;1738,4;53;NA
2022-03-21;81,2;57,2;NA
2022-03-22;76,4;61,3;NA
2022-03-23;94,5;65,6;NA
2022-03-24;57;69,8;NA
2022-03-25;58,6;73,7;NA
2022-03-26;21,8;77,1;NA
2022-03-27;5161;79,5;NA
2022-03-28;105,2;81,1;NA
2022-03-29;118,3;81,8;NA
2022-03-30;94,7;81,6;NA
2022-03-31;94,8;80,8;NA
2022-04-01;63,8;79,1;NA
2022-04-02;17,3;76,8;NA
2022-04-03;641,6;74,3;NA
2022-04-04;74;72,6;NA
2022-04-05;89,5;72,1;NA
2022-04-06;102,2;72,4;NA
2022-04-07;71,5;72,7;NA
2022-04-08;67,8;72,1;NA
2022-04-09;34,5;69,8;NA
2022-04-10;1837,6;66,1;NA
2022-04-11;66,6;62,1;NA
2022-04-12;83,4;58,9;NA
2022-04-13;50,9;56,1;NA
2022-04-14;56,3;52,6;NA
2022-04-15;40,1;48,2;NA
2022-04-16;19,9;42,4;NA
2022-04-17;1261,5;36;NA
2022-04-18;3362;30,6;NA
2022-04-19;20,4;26,9;NA
2022-04-20;36,1;24,7;NA
2022-04-21;16,5;23,7;NA
2022-04-22;16;23;NA
2022-04-23;13,3;22,3;NA
2022-04-24;1784,9;21,3;NA
2022-04-25;32,2;20,2;NA
2022-04-26;29,7;19,2;NA
2022-04-27;17,7;18;NA
2022-04-28;9,2;16,7;NA
2022-04-29;16,1;15,1;NA
2022-04-30;5,5;13,5;NA
2022-05-01;1487,5;11,9;NA
2022-05-02;14,9;10,7;NA
2022-05-03;10,3;9,8;NA
2022-05-04;8,1;9,2;NA
2022-05-05;10,1;8,7;NA
2022-05-06;5,6;8,2;NA
2022-05-07;3,7;7,8;NA
2022-05-08;530,4;7,5;NA
2022-05-09;8,6;7,4;NA
2022-05-10;6,7;7,4;NA
2022-05-11;9,2;7,4;NA
2022-05-12;6,7;7,4;NA
2022-05-13;6,5;7,3;NA
2022-05-14;7,4;7;NA
2022-05-15;104,9;6,7;NA
2022-05-16;8,6;6,3;NA
2022-05-17;4,6;6;NA
2022-05-18;6,7;5,8;NA
2022-05-19;4,9;5,5;NA
2022-05-20;4,2;5,3;NA
2022-05-21;3,7;5,1;NA
2022-05-22;131,9;4,9;NA
2022-05-23;6,7;4,8;NA
2022-05-24;3,9;4,6;NA
2022-05-25;4,6;4,5;NA
2022-05-26;35,8;4,4;NA
2022-05-27;3,1;4,4;NA
2022-05-28;3,5;4,3;NA
2022-05-29;44,5;4,3;NA
2022-05-30;3,9;4,3;NA
2022-05-31;4,6;4,4;NA
2022-06-01;8,2;4,5;NA
2022-06-02;3;4,5;NA
2022-06-03;3,5;4,6;NA
2022-06-04;3,9;4,8;NA
2022-06-05;204,6;4,9;NA
2022-06-06;91,1;5,1;NA
2022-06-07;3,9;5,4;NA
2022-06-08;5,9;5,6;NA
2022-06-09;7,8;5,9;NA
2022-06-10;5,6;6,1;NA
2022-06-11;4,3;6,2;NA
2022-06-12;289;6,4;NA
2022-06-13;6,2;6,7;NA
2022-06-14;7,7;6,9;NA
2022-06-15;7,2;7,2;NA
2022-06-16;5,8;7,5;NA
2022-06-17;8,6;7,9;NA
2022-06-18;7,6;8,3;NA
2022-06-19;1521,3;8,4;NA
2022-06-20;6,6;8,5;NA
2022-06-21;11,3;8,6;NA
2022-06-22;13,2;8,6;NA
2022-06-23;5,9;8,6;NA
2022-06-24;5,1;8,7;NA
2022-06-25;7,9;8,9;NA
2022-06-26;325,9;9,2;NA
2022-06-27;10,1;9,6;NA
2022-06-28;11,1;10,2;NA
2022-06-29;10,9;10,8;NA
2022-06-30;8,1;11,6;NA
2022-07-01;14,3;12,4;NA
2022-07-02;11,2;13,2;NA
2022-07-03;669,6;14,1;NA
2022-07-04;16,1;15;NA
2022-07-05;14,8;15,8;NA
2022-07-06;19,2;16,4;NA
2022-07-07;15,4;16,8;NA
2022-07-08;18,8;16,9;NA
2022-07-09;10,1;16,9;NA
2022-07-10;287,5;16,4;NA
2022-07-11;23,7;15,6;NA
2022-07-12;14,6;14,7;NA
2022-07-13;13,5;13,6;NA
2022-07-14;901,3;12,4;NA
2022-07-15;5,2;11,2;NA
2022-07-16;5;10,2;NA
2022-07-17;1654,9;9,3;NA
2022-07-18;11,6;8,8;NA
2022-07-19;7,5;8,6;NA
2022-07-20;7,6;8,6;NA
2022-07-21;9,2;8,5;NA
2022-07-22;8,2;8,4;NA
2022-07-23;5,8;8,1;NA
2022-07-24;314,3;7,7;NA
2022-07-25;9,2;7,4;NA
2022-07-26;7,6;7,1;NA
2022-07-27;6,7;6,7;NA
2022-07-28;5,2;6,4;NA
2022-07-29;4;6,1;NA
2022-07-30;9,2;5,9;NA
2022-07-31;21,5;5,6;NA
2022-08-01;4,6;5,4;NA
2022-08-02;5,6;5,2;NA
2022-08-03;6,6;5,1;NA
2022-08-04;4,6;5;NA
2022-08-05;3,4;4,8;NA
2022-08-06;3,9;4,6;NA
2022-08-07;23;4,4;NA
2022-08-08;8,2;4,1;NA
2022-08-09;2,8;3,9;NA
2022-08-10;2,6;3,8;NA
2022-08-11;5,3;3,7;NA
2022-08-12;1,5;3,7;NA
2022-08-13;4,3;3,7;NA
2022-08-14;20,5;3,8;NA
2022-08-15;96,8;4;NA
2022-08-16;3,5;4,2;NA
2022-08-17;5;4,5;NA
2022-08-18;4,9;4,6;NA
2022-08-19;4,2;4,8;NA
2022-08-20;3,5;4,8;NA
2022-08-21;147,1;4,7;NA
2022-08-22;7,3;4,7;NA
2022-08-23;3,6;4,6;NA
2022-08-24;6,4;4,5;NA
2022-08-25;3,4;4,4;NA
2022-08-26;2,2;4,3;NA
2022-08-27;4,6;4,3;NA
2022-08-28;354;4,3;NA
2022-08-29;5,7;4,4;NA
2022-08-30;3,7;4,5;NA
2022-08-31;3,7;4,6;NA
2022-09-01;5,5;4,7;NA
2022-09-02;7,2;4,8;NA
2022-09-03;2,1;4,8;NA
2022-09-04;189,8;4,8;NA
2022-09-05;4,1;4,8;NA
2022-09-06;6,1;4,7;NA
2022-09-07;4,3;4,7;NA
2022-09-08;4,8;4,7;NA
2022-09-09;4,2;4,9;NA
2022-09-10;4,1;5,2;NA
2022-09-11;10,1;5,6;NA
2022-09-12;3,8;6,1;NA
2022-09-13;8,1;6,7;NA
2022-09-14;9;7,2;NA
2022-09-15;8,8;7,7;NA
2022-09-16;8,9;8,1;NA
2022-09-17;6;8,5;NA
2022-09-18;859,3;8,7;NA
2022-09-19;9,8;8,7;NA
2022-09-20;6,8;8,8;NA
2022-09-21;9,5;8,8;NA
2022-09-22;9,8;9;NA
2022-09-23;8,8;9,3;NA
2022-09-24;5,6;9,8;NA
2022-09-25;597,5;10,3;NA
2022-09-26;11;11;NA
2022-09-27;11,7;11,7;NA
2022-09-28;11,4;12,8;NA
2022-09-29;12,3;14,3;NA
2022-09-30;16,2;15,9;NA
2022-10-01;12;17,6;NA
2022-10-02;431,5;19,1;NA
2022-10-03;32,3;20,2;NA
2022-10-04;25,5;20,8;NA
2022-10-05;23,1;20,8;NA
2022-10-06;21,7;20,3;NA
2022-10-07;13,3;19,7;NA
2022-10-08;7,9;19,1;NA
2022-10-09;503,4;18,6;NA
2022-10-10;27,5;18,6;NA
2022-10-11;10,3;18,8;NA
2022-10-12;27,1;18,9;NA
2022-10-13;22,9;18,2;NA
2022-10-14;18,8;16,7;NA
2022-10-15;15,6;14,7;NA
2022-10-16;1304,9;12,5;NA
2022-10-17;15,3;10,6;NA
2022-10-18;6,7;9,1;NA
2022-10-19;5,8;8;NA
2022-10-20;5,4;7,3;NA
2022-10-21;6,8;6,8;NA
2022-10-22;4;6,5;NA
2022-10-23;423,4;6,2;NA
2022-10-24;8,3;6,1;NA
2022-10-25;6,9;6;NA
2022-10-26;5,3;6;NA
2022-10-27;3,1;6;NA
2022-10-28;5;6;NA
2022-10-29;8,9;6;NA
2022-10-30;667,5;6;NA
2022-10-31;5,5;6,1;NA
2022-11-01;188,9;6;NA
2022-11-02;7;5,7;NA
2022-11-03;5,5;5,1;NA
2022-11-04;3,9;4,5;NA
2022-11-05;5,4;4;NA
2022-11-06;12,4;3,6;NA
2022-11-07;2,8;3,4;NA
2022-11-08;2,9;3,2;NA
2022-11-09;2,3;3,2;NA
2022-11-10;2,7;3,2;NA
2022-11-11;255,8;3,4;NA
2022-11-12;2,9;3,5;NA
2022-11-13;1075,2;3,6;NA
2022-11-14;4;3,6;NA
2022-11-15;4,3;3,7;NA
2022-11-16;2,8;3,7;NA
2022-11-17;3,2;3,8;NA
2022-11-18;3,1;3,9;NA
2022-11-19;3,4;4;NA
2022-11-20;29,5;4,2;NA
2022-11-21;6,1;4,4;NA
2022-11-22;5,1;4,7;NA
2022-11-23;3,6;5;NA
2022-11-24;5,2;5,4;NA
2022-11-25;4,7;5,9;NA
2022-11-26;5,5;6,3;NA
2022-11-27;220,8;6,7;NA
2022-11-28;8,2;7,2;NA
2022-11-29;11,1;7,8;NA
2022-11-30;8,1;8,7;NA
2022-12-01;4,5;10,1;NA
2022-12-02;7,9;12,3;NA
2022-12-03;8,8;15,7;NA
2022-12-04;182,3;20,4;NA
2022-12-05;40,7;26,3;NA
2022-12-06;31,3;33,3;NA
2022-12-07;55;41,6;NA
2022-12-08;60,4;51,3;NA
2022-12-09;43,6;62,5;NA
2022-12-10;37,4;75,4;NA
2022-12-11;1945,6;90,3;NA
2022-12-12;134,5;105,8;NA
2022-12-13;151,9;120;NA
2022-12-14;168,8;133,8;NA
2022-12-15;148,7;148,7;NA
2022-12-16;111,5;163,7;NA
2022-12-17;112,2;177,4;NA
2022-12-18;3740,9;189,8;NA
2022-12-19;206,5;200,3;NA
2022-12-20;335,1;208,2;NA
2022-12-21;284,2;212,2;NA
2022-12-22;208,1;209,8;NA
2022-12-23;137;199,5;NA
2022-12-24;82,5;181,5;NA
2022-12-25;3478;158,8;NA
2022-12-26;242;136,5;NA
2022-12-27;111,5;119,2;NA
2022-12-28;134,1;107,8;NA
2022-12-29;90,2;100,8;NA
2022-12-30;55,2;96;NA
2022-12-31;24,5;91,3;NA
2023-01-01;1302,1;86;NA
2023-01-02;127,8;81,3;NA
2023-01-03;120,1;77,1;NA
2023-01-04;92,8;71,8;NA
2023-01-05;67,1;64,9;NA
2023-01-06;39,4;56,5;NA
2023-01-07;23,2;47,2;NA
2023-01-08;2682,8;38,3;NA
2023-01-09;34,1;31,2;NA
2023-01-10;29,8;26,4;NA
2023-01-11;22;23,1;NA
2023-01-12;20,4;20,8;NA
2023-01-13;12,8;19,1;NA
2023-01-14;6,1;17,8;NA
2023-01-15;4669,3;16,5;NA
2023-01-16;18,7;15,6;NA
2023-01-17;14,6;15;NA
2023-01-18;17,6;14,6;NA
2023-01-19;17,8;14,4;NA
2023-01-20;9,6;14,2;NA
2023-01-21;7,1;13,8;NA
2023-01-22;1252,8;13,2;NA
2023-01-23;9,7;12,6;NA
2023-01-24;27,8;12,2;NA
2023-01-25;9,1;11,9;NA
2023-01-26;11,9;11,8;NA
2023-01-27;6,8;11,6;NA
2023-01-28;7,7;11,3;NA
2023-01-29;73,4;11;NA
2023-01-30;15,6;10,8;NA
2023-01-31;10,4;10,7;NA
2023-02-01;12,8;10,7;NA
2023-02-02;11,1;10,7;NA
2023-02-03;7,3;10,8;NA
2023-02-04;5,8;10,8;NA
2023-02-05;601,9;10,8;NA
2023-02-06;11,4;10,7;NA
2023-02-07;15,9;10,7;NA
2023-02-08;9,6;10,8;NA
2023-02-09;14,5;10,9;NA
2023-02-10;8,1;10,8;NA
2023-02-11;2,4;10,5;NA
2023-02-12;2729,9;10;NA
2023-02-13;15;9,6;NA
2023-02-14;13,1;9,3;NA
2023-02-15;11;9,1;NA
2023-02-16;3,5;8,9;NA
2023-02-17;7,9;8,9;NA
2023-02-18;5,6;8,7;NA
2023-02-19;1067,8;8,6;NA
2023-02-20;11;8,6;NA
2023-02-21;8,1;8,6;NA
2023-02-22;10;8,6;NA
2023-02-23;12,2;8,3;NA
2023-02-24;5,1;7,8;NA
2023-02-25;4,4;7,2;NA
2023-02-26;1985,2;6,6;NA
2023-02-27;6,8;6,1;NA
2023-02-28;5,2;5,8;NA
2023-03-01;5,7;5,6;NA
2023-03-02;4,6;5,6;NA
2023-03-03;4,3;5,6;NA
2023-03-04;3,8;5,7;NA
2023-03-05;634,4;5,7;NA
2023-03-06;8,9;5,9;NA
2023-03-07;5,2;6,1;NA
2023-03-08;5,5;6,3;NA
2023-03-09;7;6,5;NA
2023-03-10;4,9;6,6;NA
2023-03-11;5,6;6,8;NA
2023-03-12;2368,1;6,8;NA
2023-03-13;7,3;6,9;NA
2023-03-14;7,8;6,8;NA
2023-03-15;7,9;6,6;NA
2023-03-16;6,7;6,2;NA
2023-03-17;4,8;5,8;NA
2023-03-18;3,1;5,4;NA
2023-03-19;263,9;4,9;NA
2023-03-20;4,7;4,5;NA
2023-03-21;3,6;4,2;NA
2023-03-22;4,3;4;NA
2023-03-23;5,1;3,8;NA
2023-03-24;3,7;3,6;NA
2023-03-25;1,5;3,5;NA
2023-03-26;64,3;3,3;NA
2023-03-27;2,7;3,2;NA
2023-03-28;3,9;3,1;NA
2023-03-29;2,1;3,1;NA
2023-03-30;4,8;3;NA
2023-03-31;2,7;3;NA
2023-04-01;1,8;2,9;NA
2023-04-02;187,3;2,7;NA
2023-04-03;3,7;2,5;NA
2023-04-04;1,7;2,3;NA
2023-04-05;3,1;2,2;NA
2023-04-06;1,4;2;NA
2023-04-07;1,6;2;NA
2023-04-08;0,9;1,9;NA
2023-04-09;147,7;1,9;NA
2023-04-10;12,2;1,9;NA
2023-04-11;1,8;1,9;NA
2023-04-12;2,9;1,9;NA
2023-04-13;1,9;1,9;NA
2023-04-14;1,6;1,9;NA
2023-04-15;0,6;1,9;NA
2023-04-16;42,3;1,8;NA
2023-04-17;2,8;1,8;NA
2023-04-18;1,1;1,7;NA
2023-04-19;3,2;1,7;NA
2023-04-20;2,1;1,6;NA
2023-04-21;0,9;1,5;NA
2023-04-22;1;1,3;NA
2023-04-23;12,9;1,2;NA
2023-04-24;1,3;1,1;NA
2023-04-25;0,9;1;NA
2023-04-26;0,9;0,9;NA
2023-04-27;1,2;0,9;NA
2023-04-28;0,7;0,9;NA
2023-04-29;0,4;0,9;NA
2023-04-30;22,2;0,9;NA
2023-05-01;13,9;0,9;NA
2023-05-02;1,1;0,9;NA
2023-05-03;1,2;0,9;NA
2023-05-04;0,8;0,9;NA
2023-05-05;0,6;0,9;NA
2023-05-06;1,1;0,8;NA
2023-05-07;2,4;0,7;NA
2023-05-08;33,5;0,7;NA
2023-05-09;0,5;0,7;NA
2023-05-10;0,7;0,6;NA
2023-05-11;0,5;0,6;NA
2023-05-12;0,5;0,7;NA
2023-05-13;0,7;0,7;NA
2023-05-14;67,4;0,7;NA
2023-05-15;1;0,7;NA
2023-05-16;0,5;0,7;NA
2023-05-17;0,9;0,8;NA
2023-05-18;130,4;0,8;NA
2023-05-19;0,4;0,7;NA
2023-05-20;0,6;0,7;NA
2023-05-21;96;0,7;NA
2023-05-22;1,1;0,7;NA
2023-05-23;0,5;0,7;NA
2023-05-24;0,5;0,6;NA
2023-05-25;0,6;0,6;NA
2023-05-26;0,8;0,6;NA
2023-05-27;0,2;0,5;NA
2023-05-28;82,1;0,5;NA
2023-05-29;16,3;0,5;NA
2023-05-30;0,3;0,4;NA
2023-05-31;0,7;0,4;NA
2023-06-01;0,3;0,4;NA
2023-06-02;0,3;0,4;NA
2023-06-03;0,5;0,4;NA
2023-06-04;13;0,4;NA
2023-06-05;0,4;0,4;NA
2023-06-06;0,4;0,4;NA
2023-06-07;0,5;0,4;NA
2023-06-08;0,3;0,4;NA
2023-06-09;0,3;0,4;NA
2023-06-10;0,3;0,4;NA
2023-06-11;31,2;0,4;NA
2023-06-12;0,6;0,4;NA
2023-06-13;0,4;0,5;NA
2023-06-14;0,7;0,5;NA
2023-06-15;0,5;0,5;NA
2023-06-16;0,4;0,5;NA
2023-06-17;0,4;0,5;NA
2023-06-18;3,7;0,4;NA
2023-06-19;0,4;0,4;NA
2023-06-20;0,5;0,4;NA
2023-06-21;0,8;0,4;NA
2023-06-22;0,1;0,4;NA
2023-06-23;0,4;0,4;NA
2023-06-24;0,2;0,3;NA
2023-06-25;1,5;0,3;NA
2023-06-26;0,6;0,3;NA
2023-06-27;0,2;0,3;NA
2023-06-28;0,2;0,3;NA
2023-06-29;0,3;0,3;NA
2023-06-30;0,3;0,3;NA
2023-07-01;0,3;0,3;NA
2023-07-02;2,7;0,3;NA
2023-07-03;0,3;0,3;NA
2023-07-04;0,2;0,3;NA
2023-07-05;0,2;0,2;NA
2023-07-06;0,4;0,2;NA
2023-07-07;0,2;0,2;NA
2023-07-08;0,2;0,2;NA
2023-07-09;0,6;0,2;NA
2023-07-10;0,1;0,2;NA
2023-07-11;0,2;0,2;NA
2023-07-12;0,2;0,2;NA
2023-07-13;0,2;0,2;NA
2023-07-14;14;0,2;NA
2023-07-15;0,1;0,2;NA
2023-07-16;2;0,2;NA
2023-07-17;0,2;0,2;NA
2023-07-18;0,1;0,2;NA
2023-07-19;0,2;0,2;NA
2023-07-20;0,3;0,2;NA
2023-07-21;0,3;0,2;NA
2023-07-22;0,1;0,2;NA
2023-07-23;5,6;0,2;NA
2023-07-24;0,3;0,2;NA
2023-07-25;0,2;0,2;NA
2023-07-26;0,2;0,2;NA
2023-07-27;0,1;0,2;NA
2023-07-28;0,1;0,2;NA
2023-07-29;0,1;0,1;NA
2023-07-30;0,6;0,1;NA
2023-07-31;0,1;0,1;NA
2023-08-01;0,1;0,1;NA
2023-08-02;0,1;0,1;NA
2023-08-03;0,2;0,1;NA
2023-08-04;0,1;0,1;NA
2023-08-05;0;0,1;NA
2023-08-06;12,9;0,2;NA
2023-08-07;0,2;0,2;NA
2023-08-08;0,2;0,2;NA
2023-08-09;0,3;0,2;NA
2023-08-10;0,2;0,2;NA
2023-08-11;0,3;0,2;NA
2023-08-12;0,1;0,2;NA
2023-08-13;4,5;0,2;NA
2023-08-14;0,2;0,2;NA
2023-08-15;28,6;0,2;NA
2023-08-16;0,1;0,2;NA
2023-08-17;0,2;0,2;NA
2023-08-18;0,4;0,2;NA
2023-08-19;0,2;0,2;NA
2023-08-20;65,2;0,2;NA
2023-08-21;0,2;0,2;NA
2023-08-22;0,2;0,2;NA
2023-08-23;0,3;0,3;NA
2023-08-24;0,3;0,3;NA
2023-08-25;0,2;0,3;NA
2023-08-26;0,2;0,3;NA
2023-08-27;5,8;0,3;NA
2023-08-28;0,3;0,3;NA
2023-08-29;0,3;0,3;NA
2023-08-30;0,4;0,3;NA
2023-08-31;0,2;0,3;NA
2023-09-01;0,2;0,3;NA
2023-09-02;0,1;0,3;NA
2023-09-03;20,8;0,3;NA
2023-09-04;0,6;0,4;NA
2023-09-05;0,4;0,4;NA
2023-09-06;0,8;0,4;NA
2023-09-07;0,3;0,4;NA
2023-09-08;0,2;0,4;NA
2023-09-09;0,2;0,4;NA
2023-09-10;189,4;0,4;NA
2023-09-11;0,7;0,5;NA
2023-09-12;0,6;0,5;NA
2023-09-13;0,5;0,5;NA
2023-09-14;0,4;0,5;NA
2023-09-15;0,6;0,5;NA
2023-09-16;0,2;0,5;NA
2023-09-17;3,1;0,5;NA
2023-09-18;0,8;0,6;NA
2023-09-19;0,4;0,6;NA
2023-09-20;0,7;0,6;NA
2023-09-21;0,8;0,6;NA
2023-09-22;0,8;0,6;NA
2023-09-23;0,1;0,6;NA
2023-09-24;23,8;0,6;NA
2023-09-25;0,6;0,6;NA
2023-09-26;0,5;0,6;NA
2023-09-27;0,9;0,5;NA
2023-09-28;0,6;0,5;NA
2023-09-29;0,4;0,5;NA
2023-09-30;0,3;0,5;NA
2023-10-01;1,4;0,5;NA
2023-10-02;0,4;0,5;NA
2023-10-03;0,9;0,5;NA
2023-10-04;0,5;0,5;NA
2023-10-05;0,3;0,5;NA
2023-10-06;0,4;0,5;NA
2023-10-07;0,2;0,4;NA
2023-10-08;7,2;0,4;NA
2023-10-09;1;0,4;NA
2023-10-10;0,3;0,4;NA
2023-10-11;0,4;0,4;NA
2023-10-12;0,4;0,4;NA
2023-10-13;0,2;0,3;NA
2023-10-14;0,2;0,3;NA
2023-10-15;1,1;0,3;NA
2023-10-16;0,4;0,3;NA
2023-10-17;0,3;0,2;NA
2023-10-18;0,3;0,2;NA
2023-10-19;0,2;0,2;NA
2023-10-20;0,2;0,2;NA
2023-10-21;0,1;0,2;NA
2023-10-22;48,1;0,2;NA
2023-10-23;0,1;0,2;NA
2023-10-24;0,2;0,2;NA
2023-10-25;0,3;0,2;NA
2023-10-26;0,1;0,1;NA
2023-10-27;0,1;0,1;NA
2023-10-28;0,1;0,1;NA
2023-10-29;0,7;0,1;NA
2023-10-30;0,1;0,1;NA
2023-10-31;0,2;0,1;NA
2023-11-01;0,1;0,1;NA
2023-11-02;0,1;0,1;NA
2023-11-03;0,1;0,1;NA
2023-11-04;0,1;0,1;NA
2023-11-05;20,8;0,1;NA
2023-11-06;0,3;0,2;NA
2023-11-07;0,2;0,2;NA
2023-11-08;0,2;0,2;NA
2023-11-09;0,2;0,2;NA
2023-11-10;0,1;0,2;NA
2023-11-11;0,7;0,2;NA
2023-11-12;0,3;0,2;NA
2023-11-13;0,2;0,2;NA
2023-11-14;0,2;0,2;NA
2023-11-15;0,1;0,2;NA
2023-11-16;0,2;0,2;NA
2023-11-17;0,2;0,2;NA
2023-11-18;0;0,2;NA
2023-11-19;3,8;0,2;NA
2023-11-20;0,3;0,2;NA
2023-11-21;0,4;0,2;NA
2023-11-22;0,2;0,3;NA
2023-11-23;0,4;0,3;NA
2023-11-24;0,2;0,3;NA
2023-11-25;0;0,3;NA
2023-11-26;37,6;0,3;NA
2023-11-27;0,3;0,3;NA
2023-11-28;0,3;0,3;NA
2023-11-29;0,3;0,4;NA
2023-11-30;0,6;0,4;NA
2023-12-01;0,4;0,5;NA
2023-12-02;0,2;0,5;NA
2023-12-03;2;0,6;NA
2023-12-04;1,3;0,6;NA
2023-12-05;0,5;0,6;NA
2023-12-06;0,9;0,6;NA
2023-12-07;0,7;0,7;NA
2023-12-08;0,3;0,7;NA
2023-12-09;0,2;0,6;NA
2023-12-10;35,4;0,6;NA
2023-12-11;1,2;0,6;NA
2023-12-12;1,1;0,6;NA
2023-12-13;0,4;0,5;NA
2023-12-14;0,3;0,5;NA
2023-12-15;0,4;0,5;NA
2023-12-16;0,1;0,4;NA
2023-12-17;0,4;0,3;NA
2023-12-18;0,6;0,3;NA
2023-12-19;0,5;0,3;NA
2023-12-20;0,1;0,3;NA
2023-12-21;0,2;0,3;NA
2023-12-22;0,2;0,3;NA
2023-12-23;0,2;0,3;NA
2023-12-24;6;0,2;NA
2023-12-25;0,3;0,2;NA
2023-12-26;0,3;0,2;NA
2023-12-27;0,4;0,2;NA
2023-12-28;0,2;0,2;NA
2023-12-29;0,2;0,3;NA
2023-12-30;0,1;0,3;NA
2023-12-31;0,1;0,3;NA
2024-01-01;6,9;0,3;NA
2024-01-02;0,6;0,4;NA
2024-01-03;0,5;0,4;NA
2024-01-04;0,5;0,4;NA
2024-01-05;0,3;0,4;NA
2024-01-06;0,2;0,4;NA
2024-01-07;98,2;0,4;NA
2024-01-08;0,5;0,4;NA
2024-01-09;0,5;0,4;NA
2024-01-10;0,3;0,4;NA
2024-01-11;0,4;0,4;NA
2024-01-12;0,1;0,4;NA
2024-01-13;0,1;0,4;NA
2024-01-14;8,6;0,4;NA
2024-01-15;0,9;0,5;NA
2024-01-16;0,7;0,5;NA
2024-01-17;1;0,5;NA
2024-01-18;0,5;0,6;NA
2024-01-19;0,2;0,6;NA
2024-01-20;0,2;0,6;NA
2024-01-21;83,7;0,6;NA
2024-01-22;1,1;0,6;NA
2024-01-23;0,9;0,6;NA
2024-01-24;0,7;0,7;NA
2024-01-25;0,6;0,7;NA
2024-01-26;0,3;0,7;NA
2024-01-27;0,5;0,6;NA
2024-01-28;53,3;0,6;NA
2024-01-29;0,8;0,6;NA
2024-01-30;0,7;0,6;NA
2024-01-31;0,4;0,6;NA
2024-02-01;1,1;0,6;NA
2024-02-02;0,4;0,5;NA
2024-02-03;0,3;0,5;NA
2024-02-04;7,2;0,5;NA
2024-02-05;0,5;0,4;NA
2024-02-06;0,3;0,4;NA
2024-02-07;0,6;0,4;NA
2024-02-08;0,2;0,4;NA
2024-02-09;0,6;0,4;NA
2024-02-10;0,1;0,4;NA
2024-02-11;16;0,3;NA
2024-02-12;0,6;0,3;NA
2024-02-13;0,3;0,3;NA
2024-02-14;0,3;0,2;NA
2024-02-15;0,1;0,2;NA
2024-02-16;0,1;0,2;NA
2024-02-17;0,1;0,2;NA
2024-02-18;2,5;0,1;NA
2024-02-19;0,1;0,1;NA
2024-02-20;0,2;0,1;NA
2024-02-21;0,1;0,1;NA
2024-02-22;0,1;0,1;NA
2024-02-23;0;0,1;NA
2024-02-24;0;0,1;NA
2024-02-25;0,1;0;NA
2024-02-26;0,1;0;NA
2024-02-27;0,1;0;NA
2024-02-28;0;0;NA
2024-02-29;0;0;NA
2024-03-01;0;0;NA
2024-03-02;0;0;NA
2024-03-03;0;0;NA
2024-03-04;0;0;NA
2024-03-05;0;0;NA
2024-03-06;0;0;NA
2024-03-07;0;0;NA
2024-03-08;0;0;NA
2024-03-09;0;0;NA
2024-03-10;0,5;0;NA
2024-03-11;0;0;NA
2024-03-12;0;0;NA
2024-03-13;0;0;NA
2024-03-14;0;0;NA
2024-03-15;0,1;0;NA
2024-03-16;0;0;NA
2024-03-17;19,1;0;NA
2024-03-18;0;0;NA
2024-03-19;0;0;NA
2024-03-20;0;0;NA
2024-03-21;0;0;NA
2024-03-22;0;0;NA
2024-03-23;0;0;NA
2024-03-24;0,2;0;NA
2024-03-25;0;0;NA
2024-03-26;0;0;NA
2024-03-27;0;0;NA
2024-03-28;0;0;NA
2024-03-29;0;0;NA
2024-03-30;0;0;NA
2024-03-31;0,2;0;NA
2024-04-01;0;0;NA
2024-04-02;0;0;NA
2024-04-03;0;0;NA
2024-04-04;0;0;NA
2024-04-05;0;0;NA
2024-04-06;0;0;NA
2024-04-07;0,4;0;NA
2024-04-08;0;0;NA
2024-04-09;0;0;NA
2024-04-10;0;0;NA
2024-04-11;0;0;NA
2024-04-12;0;0;NA
2024-04-13;0;0;NA
2024-04-14;4;0;NA
2024-04-15;0;0;NA
2024-04-16;0;0;NA
2024-04-17;0;0;NA
2024-04-18;0;0;NA
2024-04-19;0;0;NA
2024-04-20;0;0;NA
2024-04-21;0,7;0;NA
2024-04-22;0;0;NA
2024-04-23;0;0;NA
2024-04-24;0;0;NA
2024-04-25;0;0;NA
2024-04-26;0;0;NA
2024-04-27;0;0;NA
2024-04-28;1,2;0;NA
2024-04-29;0;0;NA
2024-04-30;0;0;NA
2024-05-01;0;0;NA
2024-05-02;0;0;NA
2024-05-03;0;0;NA
2024-05-04;0;0;NA
2024-05-05;0,1;0;NA
2024-05-06;0;0;NA
2024-05-07;0;0;NA
2024-05-08;0;0;NA
2024-05-09;0,1;0;NA
2024-05-10;0;0;NA
2024-05-11;0;0;NA
2024-05-12;0,2;0;NA
2024-05-13;0;0;NA
2024-05-14;0;0;NA
2024-05-15;0;0;NA
2024-05-16;0;0;NA
2024-05-17;0;0;NA
2024-05-18;0;0;NA
2024-05-19;0;0;NA
2024-05-20;0,1;0;NA
2024-05-21;0;0;NA
2024-05-22;0;0;NA
2024-05-23;0;0;NA
2024-05-24;0;0;NA
2024-05-25;0;0;NA
2024-05-26;0;0;NA
2024-05-27;0;0;NA
2024-05-28;0;0;NA
2024-05-29;0;0;NA
2024-05-30;0;0;NA
2024-05-31;0;0;NA
2024-06-01;0;0;NA
2024-06-02;0;0;NA
2024-06-03;0;0;NA
2024-06-04;0;0;NA
2024-06-05;0;0;NA
2024-06-06;0;0;NA
2024-06-07;0;0;NA
2024-06-08;0;0;NA
2024-06-09;0,9;0;NA
2024-06-10;0;0;NA
2024-06-11;0;0;NA
2024-06-12;0;0;NA
2024-06-13;0;0;NA
2024-06-14;0;0;NA
2024-06-15;0;0;NA
2024-06-16;0;0;NA
2024-06-17;0;0;NA
2024-06-18;0;0;NA
2024-06-19;0;0;NA
2024-06-20;0;0;NA
2024-06-21;0;0;NA
2024-06-22;0;0;NA
2024-06-23;0,1;0;NA
2024-06-24;0;0;NA
2024-06-25;0;0;NA
2024-06-26;0;0;NA
2024-06-27;0;0;NA
2024-06-28;0;0;NA
2024-06-29;0;0;NA
2024-06-30;0,1;0;NA
2024-07-01;0;0;NA
2024-07-02;0;0;NA
2024-07-03;0;0;NA
2024-07-04;0;0;NA
2024-07-05;0;0;NA
2024-07-06;0;0;NA
2024-07-07;0,2;0;NA
2024-07-08;0;0;NA
2024-07-09;0;0;NA
2024-07-10;0;0;NA
2024-07-11;0;0;NA
2024-07-12;0;0;NA
2024-07-13;0;0;NA
2024-07-14;0;0;NA
2024-07-15;0;0;NA
2024-07-16;0;0;NA
2024-07-17;0;0;NA
2024-07-18;0;0;NA
2024-07-19;0;0;NA
2024-07-20;0;0;NA
2024-07-21;0,2;0;NA
2024-07-22;0;0;NA
2024-07-23;0;0;NA
2024-07-24;0;0;NA
2024-07-25;0;0;NA
